PropertyName,ResidenceType,TenureType,NumberOfBedrooms,NumberOfBathrooms,Furnishing,ExtraFacilities,Size,LocationCategory,Address,State,Price,Image,Image2,Image3
Lancer Suites,Apartment,Leasehold,2,2,Fully,2,975,Town,"12 Jalan Seri Kembangan, Petaling Jaya, Selangor",Selangor,310000,PropertyImage/pexels-binyamin-mellish-106399.jpg,PropertyImage/pexels-jean-van-der-meulen-1457841.jpg,PropertyImage/pexels-jean-van-der-meulen-1457847.jpg
Spirit Condo,Condominium,Freehold,1,1,Not,0,954,Town,"33 Lorong Mawar, Georgetown, Penang",Penang,262000,PropertyImage/pexels-kozymeii-kong-950745.jpg,PropertyImage/pexels-mark-2724749.jpg,PropertyImage/pexels-monica-silvestre-1034584.jpg
Stratohouses Bungalow (3 bedroom),Bungalow,Freehold,3,2,Partially,1,1895,Suburb,"8 Jalan Permai, Kota Kinabalu, Sabah",Sabah,930000,PropertyImage/pexels-expect-best-323780.jpg,PropertyImage/pexels-ilya-shakir-2440471.jpg,PropertyImage/pexels-jean-van-der-meulen-1454805.jpg
Stratohouses Bungalow (2 bedroom),Bungalow,Freehold,2,2,Not,3,1498,Suburb,"9 Jalan Permai, Kota Kinabalu, Sabah",Sabah,1310000,PropertyImage/pexels-expect-best-323776.jpg,PropertyImage/pexels-pixabay-265004.jpg,PropertyImage/pexels-pixabay-275484.jpg
Whispering Pines Estate,Terrace,Leasehold,3,3,Fully,1,1432,Rural,"22 Persiaran Cinta, Kuala Lumpur",Kuala Lumpur,820000,PropertyImage/pexels-binyamin-mellish-1396122.jpg,PropertyImage/pexels-pixabay-276554.jpg,PropertyImage/pexels-pixabay-533157.jpg
Serenity Grove Retreat,Terrace,Freehold,2,2,Not,0,1632,Rural,"7 Jalan Harmoni, Kuching, Sarawak",Sarawak,440000,PropertyImage/pexels-pixabay-210617.jpg,PropertyImage/pexels-ilya-shakir-2440471.jpg,PropertyImage/pexels-jean-van-der-meulen-1454805.jpg
Enchanted Haven Meadows,Terrace,Leasehold,4,5,Partially,3,3245,Rural,"14 Jalan Bunga Raya, Ipoh, Perak",Perak,1810000,PropertyImage/pexels-pixabay-415687.jpg,PropertyImage/pexels-vecislavas-popa-1668860.jpg,PropertyImage/pexels-vecislavas-popa-813692.jpg
Tranquil Waterside Haven,Bungalow,Freehold,1,1,Not,2,1200,Suburb,"56 Lorong Damai, Malacca City, Melaka",Melaka,600000,PropertyImage/pexels-expect-best-323780.jpg,PropertyImage/pexels-vecislavas-popa-1668860.jpg,PropertyImage/pexels-jean-van-der-meulen-1454805.jpg
Harmony Hill Estates,Terrace,Leasehold,3,4,Partially,1,1753,Suburb,"29 Jalan Merdeka, Shah Alam, Selangor",Selangor,1320000,PropertyImage/pexels-expect-best-323776.jpg,PropertyImage/pexels-pixabay-534172.jpg,PropertyImage/pexels-terry-magallanes-2635038.jpg
Cedar Crest Manor,Bungalow,Freehold,3,3,Fully,0,1897,Rural,"6 Jalan Sentosa, Alor Setar, Kedah",Kedah,740000,PropertyImage/pexels-pixasquare-com-1115804.jpg,PropertyImage/pexels-tirachard-kumtanom-347141.jpg,PropertyImage/pexels-vecislavas-popa-1668860.jpg
Willowbrook Sanctuary,Terrace,Leasehold,1,2,Not,3,1298,Rural,"18 Jalan Bahagia, Seremban, Negeri Sembilan",Negeri Sembilan,1400000,PropertyImage/pexels-todd-trapani-1436190.jpg,PropertyImage/pexels-terry-magallanes-2635038.jpg,PropertyImage/pexels-jean-van-der-meulen-1454805.jpg
Sunflower Fields Estate,Terrace,Freehold,4,3,Partially,2,1020,Suburb,"39 Lorong Damai, Batu Pahat, Johor",Johor,710000,PropertyImage/pexels-expect-best-323780.jpg,PropertyImage/pexels-ilya-shakir-2440471.jpg,PropertyImage/pexels-vecislavas-popa-813692.jpg
Golden Oak Gardens,Bungalow,Leasehold,2,1,Fully,2,1850,Rural,"27 Jalan Cemerlang, Miri, Sarawak",Sarawak,820000,PropertyImage/pexels-pixasquare-com-1115804.jpg,PropertyImage/pexels-vecislavas-popa-1571469.jpg,PropertyImage/pexels-vecislavas-popa-1668860.jpg
Mystic Ridge Retreat,Bungalow,Leasehold,5,4,Partially,1,2105,Suburb,"10 Jalan Harmoni, Langkawi, Kedah",Kedah,730000,PropertyImage/pexels-expect-best-323781.jpg,PropertyImage/pexels-ilya-shakir-2440471.jpg,PropertyImage/pexels-vecislavas-popa-1743227.jpg
Blissful Meadows Estate,Terrace,Freehold,3,2,Not,0,982,Suburb,"5 Persiaran Delima, Kota Bharu, Kelantan",Kelantan,840000,PropertyImage/pexels-expect-best-323781.jpg,PropertyImage/pexels-terry-magallanes-2635038.jpg,PropertyImage/pexels-jean-van-der-meulen-1454805.jpg
Oakwood Oasis,Bungalow,Leasehold,1,1,Fully,3,870,Suburb,"21 Jalan Perkasa, Sandakan, Sabah",Sabah,1300000,PropertyImage/pexels-todd-trapani-1436190.jpg,PropertyImage/pexels-tirachard-kumtanom-347141.jpg,PropertyImage/pexels-vecislavas-popa-1571463.jpg
Emerald Valley Estates,Terrace,Leasehold,2,1,Partially,1,876,Suburb,"16 Lorong Ceria, Taiping, Perak",Perak,820000,PropertyImage/pexels-binyamin-mellish-1396122.jpg,PropertyImage/pexels-vecislavas-popa-1668860.jpg,PropertyImage/pexels-jean-van-der-meulen-1454805.jpg
Tranquility Springs Ranch,Bungalow,Leasehold,4,4,Not,2,1574,Rural,"8 Jalan Seri Bayu, Kuala Terengganu, Terengganu",Terengganu,1230000,PropertyImage/pexels-expect-best-323780.jpg,PropertyImage/pexels-ilya-shakir-2440471.jpg,PropertyImage/pexels-vecislavas-popa-1571463.jpg
Whispering Willow Ranch,Bungalow,Leasehold,5,5,Fully,0,1696,Rural,"33 Jalan Murni, Bintulu, Sarawak",Sarawak,600000,PropertyImage/pexels-binyamin-mellish-1396122.jpg,PropertyImage/pexels-vecislavas-popa-1571469.jpg,PropertyImage/pexels-vecislavas-popa-1743227.jpg
