PropertyName,ResidenceType,TenureType,NumberOfBedrooms,NumberOfBathrooms,Furnishing,ExtraFacilities,Size,LocationCategory,Address,State,Price
Charming Bungalow,Bungalow,Leasehold,6,6,Full,1,707.63,Town,Jalan Town Kedah,Kedah,3747.33
Spacious Terrace,Terrace,Freehold,6,5,Partial,1,1511.84,Rural,Jalan Suburb Selangor,Selangor,6357.42
Spacious Bungalow,Bungalow,Freehold,5,3,Partial,1,500,Rural,Jalan Town Sabah,Sabah,1429.94
Charming Terrace,Terrace,Freehold,5,4,Full,4,500,Suburb,Jalan Town Negeri Sembilan,Negeri Sembilan,1628.92
Charming Terrace,Terrace,Leasehold,1,1,No,5,707.75,Town,Jalan Rural Penang,Penang,508.91
Cozy Terrace,Terrace,Freehold,5,6,Partial,5,827.61,Town,Jalan Suburb Perak,Perak,3231.32
Quaint Apartment,Apartment,Leasehold,1,1,No,0,2088.21,Suburb,Jalan Rural Penang,Penang,2285.68
Luxurious Bungalow,Bungalow,Freehold,2,1,No,3,2503.79,Town,Jalan Suburb Kedah,Kedah,6898.02
Quaint Terrace,Terrace,Leasehold,3,5,Partial,0,500,Suburb,Jalan Suburb Melaka,Melaka,1182.44
Luxurious Condominium,Condominium,Freehold,2,1,No,2,1025.95,Town,Jalan Town Negeri Sembilan,Negeri Sembilan,158.89
Spacious Apartment,Apartment,Leasehold,6,4,Partial,4,586.84,Town,Jalan Rural Perak,Perak,1058.6
Elegant Terrace,Terrace,Freehold,3,4,No,2,500,Rural,Jalan Suburb Kuala Lumpur,Kuala Lumpur,895.25
Elegant Condominium,Condominium,Leasehold,1,1,Partial,2,500,Town,Jalan Suburb Penang,Penang,251.51
Charming Bungalow,Bungalow,Leasehold,2,1,Full,2,522.18,Rural,Jalan Suburb Johor,Johor,1184.59
Luxurious Apartment,Apartment,Freehold,5,5,No,1,1471.49,Town,Jalan Rural Melaka,Melaka,1227.51
Modern Terrace,Terrace,Leasehold,1,1,No,5,2147.78,Town,Jalan Rural Penang,Penang,4547.08
Elegant Condominium,Condominium,Leasehold,1,1,Partial,0,500,Town,Jalan Rural Kuala Lumpur,Kuala Lumpur,1431.01
Charming Bungalow,Bungalow,Leasehold,1,1,Full,3,500,Rural,Jalan Rural Kelantan,Kelantan,237.37
Quaint Bungalow,Bungalow,Leasehold,5,5,Full,5,2220.78,Suburb,Jalan Suburb Pahang,Pahang,4890.61
Spacious Terrace,Terrace,Leasehold,2,1,Full,0,2725.03,Suburb,Jalan Town Melaka,Melaka,2031.28
Charming Apartment,Apartment,Freehold,6,5,No,1,1842.6,Rural,Jalan Town Melaka,Melaka,4336.44
Quaint Condominium,Condominium,Freehold,1,3,Full,2,1348.3,Rural,Jalan Town Kelantan,Kelantan,84.39
Quaint Bungalow,Bungalow,Freehold,2,1,Full,1,946.75,Rural,Jalan Town Melaka,Melaka,231.67
Quaint Bungalow,Bungalow,Freehold,6,6,Full,2,735.23,Town,Jalan Rural Sabah,Sabah,3105.8
Spacious Condominium,Condominium,Freehold,2,1,No,2,911.57,Rural,Jalan Town Selangor,Selangor,148.64
Quaint Apartment,Apartment,Leasehold,4,2,No,2,541.98,Town,Jalan Suburb Melaka,Melaka,992.7
Quaint Bungalow,Bungalow,Freehold,4,6,Partial,0,895.58,Rural,Jalan Suburb Kedah,Kedah,2931.3
Elegant Bungalow,Bungalow,Freehold,3,1,Full,5,500,Suburb,Jalan Town Negeri Sembilan,Negeri Sembilan,432.88
Luxurious Bungalow,Bungalow,Freehold,1,3,No,3,2299.95,Suburb,Jalan Rural Perlis,Perlis,823.72
Modern Terrace,Terrace,Leasehold,4,5,Full,3,500,Suburb,Jalan Suburb Sarawak,Sarawak,4195.22
Charming Apartment,Apartment,Leasehold,1,1,Partial,4,1484.26,Rural,Jalan Suburb Kuala Lumpur,Kuala Lumpur,1422.07
Modern Apartment,Apartment,Freehold,5,6,No,0,500,Rural,Jalan Rural Terengganu,Terengganu,211.01
Spacious Apartment,Apartment,Leasehold,3,5,Partial,4,874.78,Suburb,Jalan Rural Kelantan,Kelantan,3784.75
Charming Condominium,Condominium,Leasehold,3,4,Partial,2,1643.24,Town,Jalan Town Kedah,Kedah,4215.37
Luxurious Terrace,Terrace,Leasehold,2,3,No,3,859.39,Rural,Jalan Suburb Terengganu,Terengganu,1108.55
Cozy Bungalow,Bungalow,Freehold,3,3,Partial,0,1195.48,Rural,Jalan Suburb Sarawak,Sarawak,1535.09
Luxurious Condominium,Condominium,Leasehold,3,4,No,3,1500.89,Suburb,Jalan Rural Penang,Penang,4722.87
Cozy Bungalow,Bungalow,Leasehold,5,5,Full,1,590.21,Rural,Jalan Town Terengganu,Terengganu,436.93
Modern Terrace,Terrace,Freehold,2,2,Full,3,591.37,Rural,Jalan Rural Perak,Perak,123.69
Luxurious Terrace,Terrace,Leasehold,1,1,No,2,1009.6,Town,Jalan Rural Pahang,Pahang,335.28
Elegant Condominium,Condominium,Leasehold,1,2,Partial,1,2348.42,Suburb,Jalan Suburb Penang,Penang,3219.68
Charming Terrace,Terrace,Freehold,5,5,Partial,0,1016.76,Suburb,Jalan Town Selangor,Selangor,2018.54
Quaint Terrace,Terrace,Leasehold,6,6,Partial,0,1605.52,Suburb,Jalan Rural Sarawak,Sarawak,4951.48
Charming Bungalow,Bungalow,Leasehold,2,2,No,3,3142.67,Suburb,Jalan Rural Sarawak,Sarawak,4087.99
Quaint Condominium,Condominium,Leasehold,1,1,Partial,4,1728.45,Rural,Jalan Town Kedah,Kedah,913.79
Quaint Apartment,Apartment,Freehold,5,4,Full,5,500,Suburb,Jalan Town Perlis,Perlis,1247.24
Elegant Apartment,Apartment,Leasehold,6,4,Full,3,1149.68,Town,Jalan Town Kedah,Kedah,4852.51
Modern Terrace,Terrace,Freehold,2,4,No,4,1549.14,Town,Jalan Town Kelantan,Kelantan,3590.04
Cozy Condominium,Condominium,Leasehold,5,6,Full,2,1618.04,Suburb,Jalan Town Kelantan,Kelantan,6665.51
Luxurious Bungalow,Bungalow,Freehold,4,2,Partial,4,818.28,Rural,Jalan Town Pahang,Pahang,2631.78
Luxurious Condominium,Condominium,Freehold,3,3,Partial,0,3088.92,Suburb,Jalan Suburb Sabah,Sabah,13099.98
Quaint Bungalow,Bungalow,Freehold,2,1,No,4,1065.7,Town,Jalan Rural Melaka,Melaka,1947.18
Spacious Apartment,Apartment,Freehold,6,4,Full,4,642.76,Rural,Jalan Town Negeri Sembilan,Negeri Sembilan,3601.2
Modern Condominium,Condominium,Leasehold,3,1,Partial,2,500,Suburb,Jalan Town Johor,Johor,1991.86
Quaint Apartment,Apartment,Freehold,1,3,No,0,614.5,Suburb,Jalan Town Johor,Johor,206.73
Charming Apartment,Apartment,Leasehold,6,6,No,5,992.42,Rural,Jalan Rural Johor,Johor,1150.78
Cozy Terrace,Terrace,Freehold,3,4,Full,2,2059.64,Suburb,Jalan Town Sabah,Sabah,5024.16
Quaint Apartment,Apartment,Leasehold,4,3,No,0,504.7,Rural,Jalan Rural Perak,Perak,196.9
Modern Condominium,Condominium,Leasehold,3,4,Full,2,500,Suburb,Jalan Town Perlis,Perlis,1896.4
Cozy Terrace,Terrace,Freehold,4,2,Partial,3,1164.72,Suburb,Jalan Suburb Terengganu,Terengganu,2163.89
Luxurious Condominium,Condominium,Leasehold,1,1,No,4,1249.4,Rural,Jalan Suburb Johor,Johor,52.89
Spacious Condominium,Condominium,Freehold,4,6,Partial,1,500,Town,Jalan Rural Kedah,Kedah,2305.37
Charming Apartment,Apartment,Leasehold,5,6,Partial,0,913.71,Town,Jalan Rural Johor,Johor,5745.88
Elegant Bungalow,Bungalow,Freehold,6,6,No,3,707.16,Rural,Jalan Town Kelantan,Kelantan,1317.36
Charming Condominium,Condominium,Leasehold,3,3,Full,3,1856.78,Town,Jalan Suburb Johor,Johor,7761.42
Modern Condominium,Condominium,Freehold,3,3,Partial,1,1632.94,Suburb,Jalan Suburb Kelantan,Kelantan,5401.76
Modern Terrace,Terrace,Leasehold,3,2,No,1,1259.11,Suburb,Jalan Town Pahang,Pahang,830.05
Cozy Bungalow,Bungalow,Leasehold,4,2,Partial,0,977.98,Suburb,Jalan Suburb Kedah,Kedah,3517.11
Cozy Apartment,Apartment,Leasehold,1,3,No,5,1138.25,Rural,Jalan Rural Negeri Sembilan,Negeri Sembilan,1268.53
Spacious Apartment,Apartment,Leasehold,6,6,No,1,2072.53,Rural,Jalan Rural Sabah,Sabah,990.68
Cozy Apartment,Apartment,Leasehold,2,1,No,2,1736.02,Suburb,Jalan Rural Johor,Johor,6319.98
Cozy Apartment,Apartment,Freehold,1,1,Full,1,709.77,Town,Jalan Suburb Sabah,Sabah,1222.71
Spacious Condominium,Condominium,Freehold,2,1,No,3,1211.45,Rural,Jalan Rural Kelantan,Kelantan,337.54
Spacious Apartment,Apartment,Leasehold,1,1,No,4,2121.86,Rural,Jalan Town Kedah,Kedah,3002.62
Spacious Condominium,Condominium,Leasehold,6,4,Full,0,1407.39,Town,Jalan Town Kedah,Kedah,1635.21
Elegant Terrace,Terrace,Freehold,2,2,No,3,645.16,Suburb,Jalan Rural Perak,Perak,912.38
Spacious Apartment,Apartment,Leasehold,5,6,Partial,5,500,Rural,Jalan Rural Sabah,Sabah,1472.6
Cozy Bungalow,Bungalow,Freehold,2,4,Partial,4,615.76,Town,Jalan Suburb Perak,Perak,1876.55
Spacious Bungalow,Bungalow,Freehold,1,1,No,3,1441.72,Suburb,Jalan Suburb Sabah,Sabah,281.01
Cozy Apartment,Apartment,Leasehold,3,1,No,3,1470.27,Suburb,Jalan Suburb Kelantan,Kelantan,388.55
Spacious Bungalow,Bungalow,Freehold,3,3,No,2,1885.73,Suburb,Jalan Suburb Negeri Sembilan,Negeri Sembilan,11238.22
Cozy Apartment,Apartment,Leasehold,5,4,Full,3,991.66,Rural,Jalan Suburb Johor,Johor,6920.6
Luxurious Apartment,Apartment,Freehold,4,6,Partial,3,2039.65,Suburb,Jalan Rural Kedah,Kedah,687.7
Quaint Terrace,Terrace,Freehold,3,3,No,5,705.84,Town,Jalan Rural Perak,Perak,1040.12
Charming Terrace,Terrace,Freehold,2,1,Full,1,1079.97,Suburb,Jalan Rural Kedah,Kedah,1745.47
Cozy Condominium,Condominium,Leasehold,1,3,Full,2,1455.32,Town,Jalan Suburb Perak,Perak,2380.32
Luxurious Condominium,Condominium,Leasehold,1,2,No,4,1180.08,Suburb,Jalan Town Johor,Johor,884.66
Charming Condominium,Condominium,Freehold,4,6,Partial,4,2053,Suburb,Jalan Rural Sarawak,Sarawak,8518.43
Spacious Condominium,Condominium,Freehold,3,2,No,2,672.39,Suburb,Jalan Suburb Penang,Penang,2242.81
Luxurious Terrace,Terrace,Freehold,1,3,No,3,957.54,Suburb,Jalan Town Pahang,Pahang,1077.17
Quaint Condominium,Condominium,Freehold,3,4,Full,4,500,Rural,Jalan Town Kelantan,Kelantan,2028.85
Spacious Terrace,Terrace,Leasehold,3,4,Full,5,2534.46,Rural,Jalan Town Sarawak,Sarawak,7661.02
Elegant Terrace,Terrace,Freehold,4,5,Partial,4,500,Town,Jalan Town Penang,Penang,2207.67
Modern Apartment,Apartment,Leasehold,5,4,Full,0,1759.11,Town,Jalan Rural Sarawak,Sarawak,3811.27
Quaint Bungalow,Bungalow,Leasehold,6,5,No,5,645.21,Town,Jalan Town Selangor,Selangor,3736.11
Charming Apartment,Apartment,Leasehold,5,5,Partial,0,1318.84,Town,Jalan Suburb Melaka,Melaka,2149.86
Charming Bungalow,Bungalow,Freehold,6,6,Full,2,1130.29,Rural,Jalan Rural Terengganu,Terengganu,2039.26
Elegant Terrace,Terrace,Freehold,3,4,Partial,1,1132.81,Rural,Jalan Town Selangor,Selangor,48.19
Spacious Bungalow,Bungalow,Leasehold,6,6,Full,1,2084.64,Suburb,Jalan Suburb Penang,Penang,21129.77
Modern Condominium,Condominium,Leasehold,1,3,Partial,0,3548.97,Town,Jalan Town Kuala Lumpur,Kuala Lumpur,8255.71
Luxurious Bungalow,Bungalow,Freehold,2,2,Full,2,1375.44,Rural,Jalan Town Negeri Sembilan,Negeri Sembilan,4652.9
Spacious Apartment,Apartment,Leasehold,5,5,Partial,5,2065.87,Rural,Jalan Suburb Kelantan,Kelantan,6110.41
Luxurious Condominium,Condominium,Leasehold,2,1,No,3,1791.62,Rural,Jalan Suburb Perlis,Perlis,1717.08
Luxurious Bungalow,Bungalow,Leasehold,2,2,Partial,3,2041.11,Town,Jalan Suburb Pahang,Pahang,4862.2
Quaint Bungalow,Bungalow,Leasehold,6,5,Full,5,1954.05,Suburb,Jalan Suburb Terengganu,Terengganu,7380.49
Charming Bungalow,Bungalow,Leasehold,3,5,Full,5,2126.52,Town,Jalan Suburb Pahang,Pahang,3654.31
Cozy Condominium,Condominium,Freehold,4,3,No,5,1734.99,Suburb,Jalan Rural Sabah,Sabah,2313.06
Quaint Bungalow,Bungalow,Leasehold,3,1,Partial,4,821.9,Rural,Jalan Rural Sabah,Sabah,2426.53
Charming Bungalow,Bungalow,Leasehold,1,1,No,1,1741.34,Suburb,Jalan Rural Perak,Perak,2496.75
Spacious Bungalow,Bungalow,Freehold,3,1,No,4,810.65,Suburb,Jalan Rural Kuala Lumpur,Kuala Lumpur,4090.7
Modern Apartment,Apartment,Leasehold,6,6,No,4,2099.84,Rural,Jalan Suburb Sarawak,Sarawak,438.4
Charming Condominium,Condominium,Freehold,1,1,No,5,1117.18,Town,Jalan Town Johor,Johor,3012.19
Cozy Terrace,Terrace,Leasehold,6,5,No,2,500,Town,Jalan Rural Sabah,Sabah,940.54
Modern Bungalow,Bungalow,Freehold,2,3,Full,3,1083.43,Town,Jalan Suburb Kuala Lumpur,Kuala Lumpur,4957.87
Quaint Apartment,Apartment,Leasehold,1,1,Full,0,3189.79,Rural,Jalan Town Terengganu,Terengganu,485.22
Luxurious Terrace,Terrace,Leasehold,2,1,Full,5,1429.79,Suburb,Jalan Suburb Perlis,Perlis,112.51
Charming Bungalow,Bungalow,Leasehold,5,6,No,3,1629.05,Rural,Jalan Rural Sarawak,Sarawak,3811.58
Charming Apartment,Apartment,Freehold,6,6,Full,2,961.66,Town,Jalan Suburb Melaka,Melaka,1240.41
Modern Apartment,Apartment,Freehold,6,5,No,0,500,Town,Jalan Rural Kedah,Kedah,1163.43
Luxurious Apartment,Apartment,Freehold,1,2,Full,0,1134.21,Rural,Jalan Suburb Pahang,Pahang,572.69
Luxurious Terrace,Terrace,Leasehold,1,1,Partial,1,870.81,Town,Jalan Suburb Selangor,Selangor,292.55
Charming Bungalow,Bungalow,Freehold,3,1,No,1,500,Suburb,Jalan Rural Sarawak,Sarawak,2248.41
Charming Terrace,Terrace,Freehold,3,5,Full,3,500,Suburb,Jalan Rural Sarawak,Sarawak,5274.53
Modern Bungalow,Bungalow,Leasehold,3,4,Full,2,2130.32,Rural,Jalan Rural Perlis,Perlis,3399.93
Modern Apartment,Apartment,Freehold,6,6,Partial,3,1723.39,Rural,Jalan Suburb Selangor,Selangor,5156.79
Cozy Terrace,Terrace,Freehold,6,5,Partial,4,1794.23,Suburb,Jalan Suburb Kedah,Kedah,11507.37
Cozy Condominium,Condominium,Freehold,1,1,No,2,500,Rural,Jalan Suburb Sabah,Sabah,857.71
Quaint Bungalow,Bungalow,Leasehold,5,3,No,4,1947.36,Rural,Jalan Suburb Perak,Perak,423.48
Elegant Apartment,Apartment,Freehold,6,5,No,4,2547.92,Rural,Jalan Town Sabah,Sabah,6836.82
Quaint Condominium,Condominium,Freehold,4,6,No,5,679.66,Rural,Jalan Town Sabah,Sabah,2936.37
Spacious Bungalow,Bungalow,Freehold,6,6,No,4,1815.04,Town,Jalan Town Negeri Sembilan,Negeri Sembilan,4550.77
Modern Apartment,Apartment,Leasehold,4,6,Partial,1,2426.28,Town,Jalan Town Melaka,Melaka,7291.19
Cozy Condominium,Condominium,Freehold,3,1,Full,0,705.52,Town,Jalan Rural Penang,Penang,417.19
Elegant Apartment,Apartment,Leasehold,5,6,Full,3,1087.49,Town,Jalan Town Terengganu,Terengganu,4368.95
Cozy Apartment,Apartment,Freehold,5,3,No,3,679.07,Town,Jalan Town Sarawak,Sarawak,3133.88
Luxurious Bungalow,Bungalow,Leasehold,3,5,Full,1,1326.89,Town,Jalan Rural Melaka,Melaka,4961.69
Charming Bungalow,Bungalow,Leasehold,4,6,Full,4,886.08,Suburb,Jalan Rural Perak,Perak,5314.19
Charming Terrace,Terrace,Freehold,5,3,No,5,571.2,Rural,Jalan Town Perlis,Perlis,516.98
Charming Apartment,Apartment,Leasehold,1,1,Full,2,2870.95,Town,Jalan Town Sarawak,Sarawak,876.57
Quaint Bungalow,Bungalow,Leasehold,1,1,No,2,1865,Town,Jalan Rural Terengganu,Terengganu,240.89
Quaint Apartment,Apartment,Leasehold,6,6,Partial,2,1065.43,Suburb,Jalan Rural Penang,Penang,6922.97
Quaint Condominium,Condominium,Freehold,4,3,Full,1,871.83,Suburb,Jalan Rural Sabah,Sabah,2748.93
Modern Terrace,Terrace,Freehold,5,4,No,0,1044.41,Rural,Jalan Suburb Pahang,Pahang,1674.57
Charming Apartment,Apartment,Leasehold,1,3,Partial,3,1976.73,Suburb,Jalan Town Perak,Perak,2718.99
Spacious Terrace,Terrace,Leasehold,5,6,Partial,0,1036.22,Suburb,Jalan Suburb Terengganu,Terengganu,1096.74
Spacious Bungalow,Bungalow,Freehold,2,3,No,1,1402.47,Rural,Jalan Suburb Pahang,Pahang,742.21
Modern Terrace,Terrace,Freehold,6,6,Partial,3,594.4,Rural,Jalan Town Kuala Lumpur,Kuala Lumpur,1712.69
Quaint Condominium,Condominium,Leasehold,4,2,Full,0,1247.1,Suburb,Jalan Town Perlis,Perlis,3204.38
Modern Bungalow,Bungalow,Freehold,3,1,No,2,2934.84,Suburb,Jalan Suburb Sabah,Sabah,7666.36
Luxurious Bungalow,Bungalow,Freehold,1,2,Partial,3,1223.35,Suburb,Jalan Suburb Melaka,Melaka,3228.8
Quaint Bungalow,Bungalow,Freehold,2,1,Partial,4,997.05,Suburb,Jalan Town Kuala Lumpur,Kuala Lumpur,7009.76
Quaint Bungalow,Bungalow,Freehold,4,4,Full,4,1983.77,Suburb,Jalan Town Kelantan,Kelantan,6583.73
Luxurious Condominium,Condominium,Leasehold,1,1,Partial,4,1540.51,Town,Jalan Rural Kedah,Kedah,3107.44
Modern Terrace,Terrace,Leasehold,6,6,Full,0,1489.57,Town,Jalan Rural Johor,Johor,6455.91
Modern Terrace,Terrace,Freehold,1,1,No,0,500,Rural,Jalan Rural Penang,Penang,62.68
Elegant Terrace,Terrace,Freehold,2,2,Partial,3,1441.11,Suburb,Jalan Rural Kedah,Kedah,4079.41
Quaint Terrace,Terrace,Freehold,3,5,No,1,850.73,Town,Jalan Rural Kuala Lumpur,Kuala Lumpur,4261.05
Cozy Condominium,Condominium,Leasehold,6,6,Full,5,500,Rural,Jalan Rural Kelantan,Kelantan,1527.23
Cozy Condominium,Condominium,Leasehold,4,3,No,1,1612.22,Rural,Jalan Town Melaka,Melaka,1582.77
Modern Terrace,Terrace,Freehold,4,4,No,4,1297.52,Suburb,Jalan Town Penang,Penang,6378.65
Quaint Terrace,Terrace,Leasehold,1,1,Partial,4,2189.24,Suburb,Jalan Suburb Kuala Lumpur,Kuala Lumpur,11693.38
Cozy Terrace,Terrace,Freehold,2,2,No,1,1711.27,Suburb,Jalan Rural Kuala Lumpur,Kuala Lumpur,1721.02
Spacious Terrace,Terrace,Freehold,1,1,Partial,3,1256.19,Rural,Jalan Rural Kedah,Kedah,1397.28
Luxurious Bungalow,Bungalow,Leasehold,5,5,Full,0,1041.95,Town,Jalan Rural Kedah,Kedah,1752.24
Luxurious Apartment,Apartment,Freehold,5,6,Partial,5,858.43,Rural,Jalan Suburb Johor,Johor,4816.81
Charming Condominium,Condominium,Leasehold,6,5,Partial,0,1306.24,Town,Jalan Suburb Kuala Lumpur,Kuala Lumpur,292.23
Charming Condominium,Condominium,Freehold,6,6,Full,4,1690.03,Rural,Jalan Town Melaka,Melaka,5404.74
Cozy Terrace,Terrace,Freehold,4,6,Partial,2,2105.51,Suburb,Jalan Town Perlis,Perlis,8663.94
Quaint Terrace,Terrace,Freehold,2,1,No,2,551.54,Town,Jalan Rural Selangor,Selangor,674.07
Spacious Terrace,Terrace,Freehold,6,6,No,2,929.16,Rural,Jalan Suburb Negeri Sembilan,Negeri Sembilan,1001.3
Cozy Apartment,Apartment,Freehold,2,1,Partial,3,1973.91,Rural,Jalan Rural Kelantan,Kelantan,2365.22
Charming Apartment,Apartment,Leasehold,1,1,No,1,1597.59,Suburb,Jalan Suburb Sarawak,Sarawak,239.02
Charming Apartment,Apartment,Leasehold,2,1,No,1,772.22,Rural,Jalan Town Melaka,Melaka,88.73
Elegant Bungalow,Bungalow,Freehold,4,6,Partial,3,2622.08,Town,Jalan Suburb Kuala Lumpur,Kuala Lumpur,7550.05
Charming Apartment,Apartment,Leasehold,3,4,Partial,0,1552.59,Rural,Jalan Suburb Penang,Penang,2420.4
Elegant Bungalow,Bungalow,Freehold,3,2,Full,0,500,Suburb,Jalan Rural Sarawak,Sarawak,1644.81
Quaint Bungalow,Bungalow,Freehold,3,3,Partial,2,3005.58,Suburb,Jalan Suburb Kelantan,Kelantan,12986.31
Modern Terrace,Terrace,Freehold,3,3,No,1,2698.91,Suburb,Jalan Town Kedah,Kedah,8824.61
Luxurious Apartment,Apartment,Freehold,3,5,No,1,1483.03,Town,Jalan Rural Kelantan,Kelantan,2513.13
Cozy Apartment,Apartment,Leasehold,2,1,Full,1,500,Suburb,Jalan Suburb Sarawak,Sarawak,395.59
Modern Apartment,Apartment,Leasehold,6,6,Partial,2,500,Suburb,Jalan Rural Kelantan,Kelantan,754.42
Charming Bungalow,Bungalow,Leasehold,3,2,Partial,0,807.9,Rural,Jalan Rural Selangor,Selangor,2062.94
Modern Condominium,Condominium,Leasehold,1,2,Full,5,539.09,Rural,Jalan Town Sabah,Sabah,907.98
Cozy Apartment,Apartment,Freehold,5,5,Partial,1,2311.89,Town,Jalan Rural Melaka,Melaka,598.74
Cozy Condominium,Condominium,Freehold,5,3,Partial,3,2458.32,Town,Jalan Suburb Kuala Lumpur,Kuala Lumpur,13592.01
Luxurious Bungalow,Bungalow,Leasehold,1,1,Full,4,1798.06,Town,Jalan Town Perak,Perak,776.08
Spacious Condominium,Condominium,Freehold,1,1,No,2,1571.52,Rural,Jalan Town Perlis,Perlis,638.25
Quaint Apartment,Apartment,Freehold,6,4,Full,2,500,Suburb,Jalan Rural Terengganu,Terengganu,3835.84
Cozy Condominium,Condominium,Freehold,6,6,Full,1,1772.25,Rural,Jalan Suburb Terengganu,Terengganu,6733.06
Cozy Apartment,Apartment,Leasehold,3,4,No,5,1870.1,Suburb,Jalan Rural Terengganu,Terengganu,3747.93
Quaint Terrace,Terrace,Leasehold,4,2,Full,5,2760.38,Rural,Jalan Town Selangor,Selangor,13053.29
Spacious Terrace,Terrace,Freehold,3,4,Partial,0,1332.43,Rural,Jalan Suburb Pahang,Pahang,399.14
Luxurious Condominium,Condominium,Freehold,2,2,Partial,0,2136.3,Rural,Jalan Town Selangor,Selangor,981.78
Elegant Terrace,Terrace,Leasehold,2,1,Partial,5,500,Suburb,Jalan Town Kuala Lumpur,Kuala Lumpur,2403.9
Luxurious Apartment,Apartment,Leasehold,2,1,Partial,0,1016.82,Rural,Jalan Suburb Selangor,Selangor,1843.91
Spacious Bungalow,Bungalow,Leasehold,3,3,No,3,892.95,Suburb,Jalan Rural Perak,Perak,816.74
Elegant Condominium,Condominium,Leasehold,2,3,Full,3,500,Rural,Jalan Suburb Negeri Sembilan,Negeri Sembilan,2045.18
Elegant Terrace,Terrace,Freehold,3,5,Full,4,500,Town,Jalan Suburb Sabah,Sabah,1531.34
Luxurious Condominium,Condominium,Leasehold,6,6,No,0,1442.61,Town,Jalan Rural Johor,Johor,7121.09
Cozy Apartment,Apartment,Freehold,5,5,Full,1,1057.77,Town,Jalan Suburb Kelantan,Kelantan,1139.14
Elegant Bungalow,Bungalow,Freehold,4,2,No,0,500,Rural,Jalan Town Negeri Sembilan,Negeri Sembilan,1354.43
Elegant Terrace,Terrace,Leasehold,4,2,No,0,2358.49,Suburb,Jalan Town Kelantan,Kelantan,303.26
Modern Bungalow,Bungalow,Leasehold,4,5,Partial,2,2238.79,Suburb,Jalan Town Sabah,Sabah,8236.21
Elegant Terrace,Terrace,Freehold,6,6,Partial,5,2184.7,Suburb,Jalan Town Kelantan,Kelantan,12996.06
Spacious Terrace,Terrace,Freehold,3,4,Full,5,1352.1,Town,Jalan Suburb Kuala Lumpur,Kuala Lumpur,6956.78
Charming Condominium,Condominium,Freehold,2,1,Full,5,1689.47,Rural,Jalan Town Perak,Perak,3396.03
Cozy Apartment,Apartment,Leasehold,2,2,No,1,1737,Suburb,Jalan Rural Perak,Perak,1032.67
Modern Terrace,Terrace,Freehold,3,3,Partial,4,607.25,Suburb,Jalan Town Kedah,Kedah,2645.88
Cozy Bungalow,Bungalow,Freehold,4,3,Full,4,1261.19,Rural,Jalan Suburb Kelantan,Kelantan,1879.77
Modern Condominium,Condominium,Leasehold,3,3,Partial,4,1315.85,Rural,Jalan Suburb Selangor,Selangor,1606.06
Spacious Apartment,Apartment,Freehold,4,2,Full,3,1426.18,Suburb,Jalan Rural Sarawak,Sarawak,11626.83
Cozy Bungalow,Bungalow,Freehold,5,6,Full,5,500,Suburb,Jalan Suburb Pahang,Pahang,2124.48
Elegant Apartment,Apartment,Leasehold,2,3,No,5,1607.32,Suburb,Jalan Town Kelantan,Kelantan,3452.71
Modern Terrace,Terrace,Leasehold,1,1,No,0,1854.1,Town,Jalan Town Terengganu,Terengganu,2058.28
Cozy Terrace,Terrace,Leasehold,1,1,Full,2,3046.3,Rural,Jalan Town Kuala Lumpur,Kuala Lumpur,4583.67
Spacious Condominium,Condominium,Freehold,4,5,Partial,2,2046.91,Suburb,Jalan Town Pahang,Pahang,1298.57
Cozy Apartment,Apartment,Freehold,1,1,Partial,3,2669.13,Suburb,Jalan Rural Melaka,Melaka,5767.43
Quaint Terrace,Terrace,Leasehold,6,4,Full,4,1948.15,Suburb,Jalan Rural Selangor,Selangor,13701.86
Charming Terrace,Terrace,Leasehold,3,2,Partial,5,1027.05,Rural,Jalan Town Sarawak,Sarawak,846.43
Cozy Terrace,Terrace,Leasehold,3,5,Partial,4,2571.75,Rural,Jalan Town Kedah,Kedah,5863.1
Modern Bungalow,Bungalow,Leasehold,3,3,No,1,1646.67,Rural,Jalan Rural Pahang,Pahang,269.7
Elegant Bungalow,Bungalow,Freehold,3,2,Full,3,500,Suburb,Jalan Suburb Kuala Lumpur,Kuala Lumpur,4454.14
Modern Apartment,Apartment,Freehold,5,4,No,5,1226.95,Suburb,Jalan Town Kuala Lumpur,Kuala Lumpur,857.23
Elegant Bungalow,Bungalow,Freehold,4,5,Partial,4,2121.71,Town,Jalan Suburb Johor,Johor,5622.77
Elegant Condominium,Condominium,Leasehold,3,2,Full,3,500,Suburb,Jalan Suburb Melaka,Melaka,1778.95
Spacious Terrace,Terrace,Freehold,2,4,Full,4,967.38,Rural,Jalan Town Sabah,Sabah,1663.48
Charming Bungalow,Bungalow,Freehold,2,4,Partial,2,1408.37,Rural,Jalan Town Kelantan,Kelantan,388.45
Luxurious Condominium,Condominium,Freehold,6,6,Full,2,2830.04,Rural,Jalan Rural Terengganu,Terengganu,3066.84
Charming Bungalow,Bungalow,Freehold,5,3,Full,1,910.94,Suburb,Jalan Suburb Penang,Penang,7208.66
Charming Condominium,Condominium,Freehold,4,3,Partial,0,2205.87,Rural,Jalan Suburb Johor,Johor,4980.16
Spacious Bungalow,Bungalow,Leasehold,4,4,Partial,4,1257.63,Town,Jalan Suburb Negeri Sembilan,Negeri Sembilan,1106.34
Cozy Bungalow,Bungalow,Leasehold,3,1,Full,3,500,Rural,Jalan Rural Sarawak,Sarawak,1982.1
Modern Terrace,Terrace,Leasehold,1,1,Partial,1,1933.6,Rural,Jalan Suburb Kelantan,Kelantan,1807.84
Elegant Condominium,Condominium,Freehold,3,2,No,0,2579.11,Suburb,Jalan Town Kelantan,Kelantan,1426.83
Modern Apartment,Apartment,Freehold,6,6,No,4,2292.48,Town,Jalan Suburb Kedah,Kedah,269.59
Charming Apartment,Apartment,Freehold,4,4,Partial,3,2028.14,Rural,Jalan Town Penang,Penang,903.77
Elegant Terrace,Terrace,Leasehold,6,6,Full,0,1177.73,Rural,Jalan Rural Johor,Johor,4582.73
Cozy Bungalow,Bungalow,Freehold,6,4,Partial,3,3312.86,Town,Jalan Suburb Pahang,Pahang,18376.54
Cozy Condominium,Condominium,Freehold,1,1,Partial,3,500,Town,Jalan Suburb Penang,Penang,923.76
Quaint Condominium,Condominium,Leasehold,1,1,Full,3,965.69,Rural,Jalan Suburb Penang,Penang,2556.98
Quaint Bungalow,Bungalow,Leasehold,3,4,Partial,0,500,Suburb,Jalan Rural Negeri Sembilan,Negeri Sembilan,1918.32
Luxurious Condominium,Condominium,Freehold,6,6,Partial,3,880.96,Suburb,Jalan Town Melaka,Melaka,468.52
Cozy Terrace,Terrace,Freehold,4,2,No,5,1943.55,Suburb,Jalan Rural Johor,Johor,726.08
Spacious Terrace,Terrace,Freehold,5,3,Full,0,2182.33,Town,Jalan Suburb Melaka,Melaka,2373.58
Luxurious Terrace,Terrace,Freehold,5,4,Full,3,2252.39,Rural,Jalan Town Kelantan,Kelantan,8325.01
Modern Apartment,Apartment,Leasehold,4,2,Partial,2,1339.84,Suburb,Jalan Town Negeri Sembilan,Negeri Sembilan,1793.72
Spacious Apartment,Apartment,Freehold,1,1,No,0,1959.24,Town,Jalan Suburb Sarawak,Sarawak,4244.06
Charming Terrace,Terrace,Leasehold,3,4,Partial,1,2212.85,Suburb,Jalan Suburb Pahang,Pahang,4912.46
Modern Terrace,Terrace,Leasehold,4,3,No,2,1775.72,Town,Jalan Suburb Johor,Johor,2207.91
Elegant Terrace,Terrace,Leasehold,3,1,No,3,1740.06,Town,Jalan Town Terengganu,Terengganu,1974.32
Quaint Condominium,Condominium,Leasehold,5,3,Partial,3,827.47,Town,Jalan Suburb Kelantan,Kelantan,220.57
Luxurious Bungalow,Bungalow,Freehold,1,1,No,5,500,Town,Jalan Suburb Penang,Penang,984.4
Luxurious Condominium,Condominium,Leasehold,2,1,No,3,665.01,Rural,Jalan Suburb Kuala Lumpur,Kuala Lumpur,1545.06
Charming Bungalow,Bungalow,Freehold,2,3,Full,2,1736.01,Town,Jalan Town Kuala Lumpur,Kuala Lumpur,1824.52
Luxurious Terrace,Terrace,Leasehold,2,2,Partial,4,1561.92,Town,Jalan Rural Kelantan,Kelantan,828.03
Luxurious Terrace,Terrace,Leasehold,6,6,Full,2,1724.9,Suburb,Jalan Rural Sabah,Sabah,340.63
Luxurious Bungalow,Bungalow,Freehold,3,1,Full,3,835.85,Suburb,Jalan Suburb Negeri Sembilan,Negeri Sembilan,5085.94
Luxurious Apartment,Apartment,Leasehold,4,4,Full,0,1013.07,Rural,Jalan Town Sarawak,Sarawak,331.1
Charming Terrace,Terrace,Freehold,4,2,Full,1,2049.73,Town,Jalan Rural Penang,Penang,7436.97
Cozy Apartment,Apartment,Freehold,6,6,Full,3,1963.94,Suburb,Jalan Rural Kelantan,Kelantan,16476.41
Cozy Apartment,Apartment,Freehold,6,6,No,5,750.36,Suburb,Jalan Town Perlis,Perlis,2751.89
Modern Terrace,Terrace,Leasehold,1,1,Partial,3,2226.35,Rural,Jalan Rural Sarawak,Sarawak,2538.64
Spacious Terrace,Terrace,Leasehold,1,3,Partial,4,1408.69,Rural,Jalan Suburb Johor,Johor,2342.09
Luxurious Condominium,Condominium,Freehold,3,3,Partial,2,500,Town,Jalan Suburb Selangor,Selangor,2034.13
Charming Bungalow,Bungalow,Leasehold,1,1,Partial,2,893.77,Town,Jalan Town Selangor,Selangor,954.56
Modern Condominium,Condominium,Leasehold,6,5,Full,0,1181.02,Town,Jalan Town Negeri Sembilan,Negeri Sembilan,3723.44
Charming Bungalow,Bungalow,Leasehold,2,2,Partial,4,500,Rural,Jalan Town Perlis,Perlis,355.78
Charming Apartment,Apartment,Leasehold,6,4,Full,0,2338.54,Town,Jalan Rural Terengganu,Terengganu,1244.55
Luxurious Apartment,Apartment,Freehold,2,1,Partial,4,1081.26,Rural,Jalan Suburb Perak,Perak,160.79
Elegant Condominium,Condominium,Freehold,3,2,Full,1,1287.35,Rural,Jalan Town Kedah,Kedah,2981.15
Quaint Terrace,Terrace,Freehold,1,3,Partial,2,695.98,Rural,Jalan Suburb Negeri Sembilan,Negeri Sembilan,60.39
Quaint Terrace,Terrace,Leasehold,5,5,Partial,1,597.02,Town,Jalan Town Johor,Johor,1638.96
Modern Bungalow,Bungalow,Freehold,5,6,Full,2,1580,Suburb,Jalan Suburb Melaka,Melaka,6947.34
Elegant Bungalow,Bungalow,Leasehold,1,3,No,3,920.2,Town,Jalan Town Johor,Johor,2287.98
Spacious Condominium,Condominium,Freehold,5,6,No,4,778.52,Suburb,Jalan Rural Negeri Sembilan,Negeri Sembilan,7138.16
Modern Terrace,Terrace,Freehold,3,4,No,1,1072.54,Town,Jalan Town Kuala Lumpur,Kuala Lumpur,3629.56
Elegant Terrace,Terrace,Leasehold,2,1,No,1,2827.14,Town,Jalan Town Kelantan,Kelantan,3674.72
Cozy Terrace,Terrace,Leasehold,6,6,Full,4,1140.96,Town,Jalan Rural Sabah,Sabah,4376.65
Luxurious Apartment,Apartment,Leasehold,5,6,Partial,5,2133.46,Rural,Jalan Suburb Negeri Sembilan,Negeri Sembilan,7631.72
Elegant Condominium,Condominium,Freehold,1,1,Full,2,1026.43,Town,Jalan Suburb Johor,Johor,4651.39
Spacious Condominium,Condominium,Leasehold,5,4,Partial,2,1390.14,Rural,Jalan Suburb Perak,Perak,2091.12
Cozy Terrace,Terrace,Leasehold,3,4,No,0,2281.83,Suburb,Jalan Rural Johor,Johor,5786.04
Luxurious Terrace,Terrace,Freehold,6,6,No,2,500,Rural,Jalan Town Negeri Sembilan,Negeri Sembilan,1987.96
Luxurious Condominium,Condominium,Freehold,3,4,Full,2,500,Suburb,Jalan Suburb Kuala Lumpur,Kuala Lumpur,4334.33
Modern Condominium,Condominium,Leasehold,6,5,No,3,1009.9,Rural,Jalan Town Perlis,Perlis,2659.79
Quaint Condominium,Condominium,Freehold,5,5,Full,5,1252.14,Town,Jalan Suburb Kedah,Kedah,300.04
Modern Terrace,Terrace,Freehold,2,2,Full,1,1501.65,Rural,Jalan Rural Perlis,Perlis,2631.37
Elegant Apartment,Apartment,Freehold,3,1,No,3,1460.18,Town,Jalan Suburb Pahang,Pahang,1156.4
Charming Condominium,Condominium,Freehold,4,2,Partial,5,500,Suburb,Jalan Suburb Kedah,Kedah,2207.71
Spacious Apartment,Apartment,Leasehold,6,4,No,2,1024.09,Suburb,Jalan Suburb Kedah,Kedah,1961.49
Spacious Terrace,Terrace,Leasehold,4,4,Partial,1,2685.99,Rural,Jalan Town Perak,Perak,3303.67
Modern Terrace,Terrace,Freehold,2,4,Partial,1,1826.51,Town,Jalan Suburb Selangor,Selangor,2572.68
Elegant Apartment,Apartment,Leasehold,1,1,No,4,737.95,Rural,Jalan Rural Negeri Sembilan,Negeri Sembilan,570.78
Charming Bungalow,Bungalow,Leasehold,3,2,Full,3,1396.81,Town,Jalan Suburb Sarawak,Sarawak,4849.94
Cozy Condominium,Condominium,Leasehold,6,6,No,5,1919.62,Suburb,Jalan Town Sarawak,Sarawak,3299.33
Elegant Condominium,Condominium,Leasehold,5,3,No,3,1570.34,Town,Jalan Town Kelantan,Kelantan,447.61
Elegant Apartment,Apartment,Freehold,4,4,Full,2,500,Town,Jalan Suburb Terengganu,Terengganu,404.49
Elegant Condominium,Condominium,Freehold,6,6,Full,2,692.98,Rural,Jalan Rural Kelantan,Kelantan,3722.71
Charming Terrace,Terrace,Leasehold,2,1,No,3,500,Town,Jalan Town Sabah,Sabah,320.83
Cozy Terrace,Terrace,Leasehold,6,4,Partial,1,500,Town,Jalan Town Pahang,Pahang,337.75
Spacious Apartment,Apartment,Leasehold,6,5,Partial,2,1091.26,Suburb,Jalan Town Sabah,Sabah,6156.57
Cozy Terrace,Terrace,Leasehold,5,4,Partial,4,2386.72,Suburb,Jalan Suburb Kuala Lumpur,Kuala Lumpur,18661.31
Spacious Condominium,Condominium,Leasehold,2,3,Full,0,1221.33,Town,Jalan Suburb Penang,Penang,1995.08
Luxurious Terrace,Terrace,Leasehold,6,4,Full,0,907.71,Rural,Jalan Suburb Sabah,Sabah,2039.65
Cozy Apartment,Apartment,Leasehold,5,3,No,5,3068.07,Town,Jalan Suburb Johor,Johor,8753.08
Quaint Terrace,Terrace,Freehold,2,3,No,4,937.56,Suburb,Jalan Rural Penang,Penang,2220.06
Quaint Terrace,Terrace,Leasehold,4,6,No,2,774.1,Suburb,Jalan Suburb Terengganu,Terengganu,1004.04
Elegant Condominium,Condominium,Freehold,5,6,No,2,519.25,Town,Jalan Town Negeri Sembilan,Negeri Sembilan,216.39
Luxurious Bungalow,Bungalow,Freehold,2,2,No,5,1101.51,Rural,Jalan Suburb Perlis,Perlis,1452.7
Charming Terrace,Terrace,Freehold,5,3,Full,2,648.83,Suburb,Jalan Suburb Perak,Perak,55.41
Spacious Terrace,Terrace,Freehold,1,1,Full,1,1266.91,Town,Jalan Town Terengganu,Terengganu,278.83
Luxurious Condominium,Condominium,Leasehold,3,3,No,3,2007.66,Rural,Jalan Suburb Johor,Johor,1212.65
Modern Apartment,Apartment,Leasehold,1,1,No,0,500,Rural,Jalan Suburb Johor,Johor,660.22
Charming Condominium,Condominium,Leasehold,3,4,No,1,2465.97,Suburb,Jalan Town Kuala Lumpur,Kuala Lumpur,11598.77
Luxurious Bungalow,Bungalow,Leasehold,2,3,No,5,500,Town,Jalan Rural Pahang,Pahang,1335.68
Spacious Condominium,Condominium,Leasehold,3,2,Partial,0,1539.97,Rural,Jalan Rural Penang,Penang,3593.97
Modern Condominium,Condominium,Leasehold,4,4,Partial,5,500,Rural,Jalan Suburb Perlis,Perlis,417.53
Quaint Condominium,Condominium,Freehold,2,3,Full,1,1278.73,Suburb,Jalan Rural Perlis,Perlis,1880.3
Elegant Condominium,Condominium,Leasehold,1,1,No,5,1426.33,Suburb,Jalan Town Kelantan,Kelantan,118.7
Spacious Condominium,Condominium,Leasehold,4,3,No,1,1746.51,Suburb,Jalan Rural Penang,Penang,818.23
Elegant Apartment,Apartment,Freehold,4,3,Partial,2,1465,Rural,Jalan Suburb Sabah,Sabah,2521.8
Spacious Apartment,Apartment,Leasehold,3,4,No,4,1494.27,Town,Jalan Suburb Pahang,Pahang,3671.23
Elegant Apartment,Apartment,Freehold,1,2,Partial,4,1980.65,Town,Jalan Suburb Negeri Sembilan,Negeri Sembilan,3373.85
Charming Bungalow,Bungalow,Leasehold,1,2,Partial,4,575.39,Town,Jalan Town Kedah,Kedah,1240.5
Cozy Bungalow,Bungalow,Freehold,6,6,Full,4,1955.08,Town,Jalan Town Selangor,Selangor,626.78
Luxurious Apartment,Apartment,Leasehold,1,1,Partial,0,1760.53,Town,Jalan Suburb Negeri Sembilan,Negeri Sembilan,2191.06
Spacious Apartment,Apartment,Freehold,6,6,No,1,1173.71,Town,Jalan Town Negeri Sembilan,Negeri Sembilan,4950.53
Modern Condominium,Condominium,Freehold,2,2,Full,1,1920.73,Suburb,Jalan Rural Perlis,Perlis,979.31
Spacious Condominium,Condominium,Freehold,1,1,No,1,1404.66,Rural,Jalan Rural Perak,Perak,625.3
Luxurious Bungalow,Bungalow,Freehold,6,6,No,2,1186.33,Suburb,Jalan Town Sabah,Sabah,9288.46
Modern Terrace,Terrace,Freehold,5,5,No,5,2257.05,Rural,Jalan Town Penang,Penang,6409.47
Modern Apartment,Apartment,Freehold,5,6,Partial,1,1461.35,Town,Jalan Suburb Kelantan,Kelantan,3402.1
Modern Bungalow,Bungalow,Leasehold,4,2,Full,4,876.05,Town,Jalan Suburb Penang,Penang,2449.88
Elegant Terrace,Terrace,Freehold,1,2,No,5,1110.02,Suburb,Jalan Town Kedah,Kedah,3374.85
Elegant Apartment,Apartment,Freehold,1,1,Partial,0,2066.24,Rural,Jalan Suburb Sarawak,Sarawak,3019
Cozy Condominium,Condominium,Freehold,4,4,No,4,2077.25,Rural,Jalan Suburb Perak,Perak,2709.78
Luxurious Terrace,Terrace,Leasehold,5,6,Full,2,942.1,Rural,Jalan Rural Perlis,Perlis,301.55
Cozy Apartment,Apartment,Freehold,4,4,Full,2,1827.46,Rural,Jalan Rural Sarawak,Sarawak,10727.18
Modern Terrace,Terrace,Leasehold,5,4,No,0,1288.2,Rural,Jalan Town Negeri Sembilan,Negeri Sembilan,2220.68
Cozy Apartment,Apartment,Freehold,4,3,Full,2,3157.31,Rural,Jalan Town Kedah,Kedah,2411.66
Quaint Apartment,Apartment,Freehold,4,6,Full,5,820.07,Town,Jalan Town Kuala Lumpur,Kuala Lumpur,10420.22
Quaint Bungalow,Bungalow,Freehold,5,6,No,1,1078.67,Town,Jalan Suburb Perak,Perak,2292.62
Spacious Apartment,Apartment,Leasehold,6,6,No,4,1110.39,Rural,Jalan Suburb Perak,Perak,879.51
Quaint Condominium,Condominium,Leasehold,5,5,Partial,1,500,Town,Jalan Suburb Sabah,Sabah,1784.2
Charming Terrace,Terrace,Leasehold,4,3,Partial,5,517.31,Rural,Jalan Suburb Kelantan,Kelantan,595.2
Cozy Condominium,Condominium,Leasehold,2,1,No,0,1627.74,Town,Jalan Suburb Penang,Penang,3188.02
Elegant Bungalow,Bungalow,Leasehold,1,3,Full,1,1047.2,Suburb,Jalan Town Kuala Lumpur,Kuala Lumpur,3233.39
Elegant Condominium,Condominium,Leasehold,2,3,No,2,2003.09,Town,Jalan Suburb Melaka,Melaka,3061.08
Cozy Apartment,Apartment,Freehold,1,1,Partial,4,1582.98,Suburb,Jalan Suburb Perlis,Perlis,3706.54
Quaint Bungalow,Bungalow,Freehold,3,1,Full,1,500,Suburb,Jalan Rural Penang,Penang,3100.4
Cozy Condominium,Condominium,Freehold,4,6,Partial,3,3316.16,Suburb,Jalan Suburb Kuala Lumpur,Kuala Lumpur,15161.23
Cozy Condominium,Condominium,Leasehold,3,5,Full,5,1534.44,Suburb,Jalan Rural Perlis,Perlis,5007.29
Modern Bungalow,Bungalow,Freehold,2,1,Full,0,1993.09,Suburb,Jalan Town Johor,Johor,231.8
Modern Bungalow,Bungalow,Leasehold,6,5,Full,3,1854.65,Rural,Jalan Rural Terengganu,Terengganu,7746.73
Luxurious Bungalow,Bungalow,Leasehold,5,5,Full,4,500,Suburb,Jalan Town Sarawak,Sarawak,1090.93
Spacious Condominium,Condominium,Freehold,5,4,Partial,4,712.7,Rural,Jalan Rural Penang,Penang,714.85
Charming Bungalow,Bungalow,Freehold,1,2,Full,3,500,Rural,Jalan Rural Perak,Perak,1004.48
Charming Apartment,Apartment,Freehold,2,2,No,1,1625.76,Rural,Jalan Rural Kelantan,Kelantan,1837.38
Spacious Bungalow,Bungalow,Freehold,3,3,Partial,1,649.43,Rural,Jalan Town Kuala Lumpur,Kuala Lumpur,3090.88
Quaint Apartment,Apartment,Freehold,4,5,No,1,1975.71,Rural,Jalan Town Johor,Johor,2334.38
Spacious Bungalow,Bungalow,Freehold,1,2,Partial,2,2468.63,Town,Jalan Rural Johor,Johor,6636.85
Quaint Apartment,Apartment,Leasehold,4,2,No,2,1873.03,Suburb,Jalan Town Johor,Johor,2926.4
Quaint Terrace,Terrace,Leasehold,5,5,Partial,2,888.03,Town,Jalan Rural Kelantan,Kelantan,2950.51
Charming Bungalow,Bungalow,Freehold,4,2,Partial,3,1769.05,Suburb,Jalan Town Selangor,Selangor,8785.25
Cozy Condominium,Condominium,Leasehold,2,4,Partial,4,511.68,Suburb,Jalan Rural Kuala Lumpur,Kuala Lumpur,4318.13
Cozy Apartment,Apartment,Freehold,4,3,Full,1,784.91,Rural,Jalan Town Sarawak,Sarawak,1454.47
Cozy Terrace,Terrace,Leasehold,6,6,No,3,1777.76,Town,Jalan Rural Kuala Lumpur,Kuala Lumpur,1419.67
Elegant Condominium,Condominium,Freehold,5,6,No,3,834.91,Rural,Jalan Rural Sarawak,Sarawak,4897.53
Cozy Bungalow,Bungalow,Leasehold,5,6,Full,0,2034.26,Suburb,Jalan Rural Selangor,Selangor,4152.72
Modern Condominium,Condominium,Freehold,5,6,No,5,2242.98,Rural,Jalan Rural Perlis,Perlis,7881.81
Modern Apartment,Apartment,Freehold,2,1,Partial,5,1368.98,Town,Jalan Town Pahang,Pahang,1614.66
Cozy Condominium,Condominium,Freehold,2,2,Full,4,1531.29,Suburb,Jalan Suburb Sarawak,Sarawak,678.71
Modern Terrace,Terrace,Freehold,5,4,Full,4,3558.37,Rural,Jalan Town Selangor,Selangor,16026.17
Spacious Apartment,Apartment,Freehold,4,3,Partial,3,1190.44,Suburb,Jalan Rural Sabah,Sabah,3664.15
Charming Apartment,Apartment,Freehold,5,6,No,2,915.42,Rural,Jalan Suburb Negeri Sembilan,Negeri Sembilan,662.77
Modern Terrace,Terrace,Freehold,4,3,No,4,500,Rural,Jalan Rural Kelantan,Kelantan,1206.46
Elegant Condominium,Condominium,Leasehold,4,4,Partial,4,1682.54,Town,Jalan Suburb Kuala Lumpur,Kuala Lumpur,139.73
Quaint Bungalow,Bungalow,Leasehold,2,1,Full,4,750.93,Town,Jalan Rural Melaka,Melaka,1756.13
Charming Apartment,Apartment,Leasehold,1,1,Partial,4,500,Rural,Jalan Rural Pahang,Pahang,14.66
Spacious Terrace,Terrace,Leasehold,3,1,No,0,500,Rural,Jalan Suburb Negeri Sembilan,Negeri Sembilan,335.96
Spacious Condominium,Condominium,Leasehold,1,2,No,3,509.54,Suburb,Jalan Rural Perak,Perak,154.02
Cozy Bungalow,Bungalow,Freehold,1,1,Partial,3,1301.19,Suburb,Jalan Town Perlis,Perlis,333.4
Cozy Terrace,Terrace,Leasehold,1,1,No,4,1173.79,Rural,Jalan Rural Sabah,Sabah,719.76
Spacious Condominium,Condominium,Leasehold,3,5,Partial,4,1093.78,Suburb,Jalan Suburb Penang,Penang,472.24
Quaint Terrace,Terrace,Freehold,4,3,Full,0,1128.72,Rural,Jalan Suburb Kedah,Kedah,2928.55
Quaint Bungalow,Bungalow,Freehold,1,2,No,2,1097.43,Rural,Jalan Suburb Kelantan,Kelantan,1694.01
Elegant Apartment,Apartment,Leasehold,2,2,Partial,0,867.52,Rural,Jalan Suburb Sarawak,Sarawak,1459.58
Cozy Bungalow,Bungalow,Freehold,5,6,Partial,2,835.61,Rural,Jalan Rural Negeri Sembilan,Negeri Sembilan,1741.03
Cozy Terrace,Terrace,Leasehold,2,2,Full,4,1620.24,Rural,Jalan Rural Kedah,Kedah,4069.3
Luxurious Condominium,Condominium,Freehold,2,4,No,2,1051.1,Town,Jalan Suburb Melaka,Melaka,2379.24
Quaint Apartment,Apartment,Leasehold,4,6,No,5,2477.07,Suburb,Jalan Suburb Perak,Perak,3018.23
Modern Condominium,Condominium,Freehold,4,5,No,4,1532.96,Rural,Jalan Town Kuala Lumpur,Kuala Lumpur,3162.4
Luxurious Terrace,Terrace,Leasehold,5,5,No,0,570.77,Rural,Jalan Town Negeri Sembilan,Negeri Sembilan,1559.22
Luxurious Bungalow,Bungalow,Leasehold,4,2,Partial,3,2327.57,Rural,Jalan Suburb Sabah,Sabah,6429.18
Luxurious Condominium,Condominium,Freehold,2,1,Full,1,500,Rural,Jalan Rural Penang,Penang,631.89
Elegant Apartment,Apartment,Leasehold,1,3,Partial,3,1853.68,Suburb,Jalan Suburb Sarawak,Sarawak,7661.13
Cozy Condominium,Condominium,Leasehold,6,6,Full,3,1840.51,Town,Jalan Rural Kuala Lumpur,Kuala Lumpur,13979.3
Luxurious Condominium,Condominium,Freehold,5,5,Full,0,1285.78,Rural,Jalan Rural Melaka,Melaka,1878.51
Modern Condominium,Condominium,Freehold,3,4,Partial,4,1863.96,Suburb,Jalan Town Kuala Lumpur,Kuala Lumpur,558.75
Modern Terrace,Terrace,Leasehold,6,6,No,4,1847.7,Suburb,Jalan Suburb Sarawak,Sarawak,14295
Cozy Bungalow,Bungalow,Freehold,3,4,No,4,1795.56,Suburb,Jalan Town Kedah,Kedah,1311.01
Luxurious Apartment,Apartment,Freehold,1,1,Full,2,2191.76,Rural,Jalan Suburb Kedah,Kedah,1677.19
Spacious Terrace,Terrace,Freehold,4,6,Partial,3,1193.26,Town,Jalan Town Perlis,Perlis,2797.15
Spacious Condominium,Condominium,Freehold,2,1,Full,2,1743.79,Town,Jalan Town Kelantan,Kelantan,398.25
Modern Apartment,Apartment,Leasehold,4,4,No,1,971.58,Town,Jalan Rural Kedah,Kedah,1031.98
Elegant Terrace,Terrace,Freehold,3,1,No,0,500,Rural,Jalan Town Perak,Perak,427.8
Modern Apartment,Apartment,Leasehold,2,3,No,4,1679.56,Suburb,Jalan Town Negeri Sembilan,Negeri Sembilan,5841.02
Charming Apartment,Apartment,Freehold,6,6,Full,4,1081.74,Town,Jalan Town Penang,Penang,5723.5
Spacious Condominium,Condominium,Freehold,2,4,No,5,3027.24,Suburb,Jalan Suburb Selangor,Selangor,15168.63
Elegant Bungalow,Bungalow,Freehold,6,6,Partial,4,510.06,Rural,Jalan Town Kuala Lumpur,Kuala Lumpur,1103.52
Luxurious Apartment,Apartment,Leasehold,5,6,Partial,5,1180.95,Suburb,Jalan Town Negeri Sembilan,Negeri Sembilan,4669.12
Spacious Bungalow,Bungalow,Freehold,3,2,No,1,500,Suburb,Jalan Suburb Perak,Perak,1516.89
Spacious Bungalow,Bungalow,Leasehold,5,5,No,3,697.82,Rural,Jalan Rural Kedah,Kedah,1427.26
Modern Terrace,Terrace,Leasehold,2,1,No,3,1597.29,Suburb,Jalan Town Pahang,Pahang,2910.64
Cozy Apartment,Apartment,Leasehold,6,6,Full,2,619.37,Town,Jalan Town Sabah,Sabah,1384.64
Spacious Bungalow,Bungalow,Leasehold,5,6,Full,2,1356.48,Town,Jalan Suburb Pahang,Pahang,6709.87
Elegant Apartment,Apartment,Freehold,2,1,No,3,1506.07,Town,Jalan Rural Terengganu,Terengganu,167.07
Elegant Terrace,Terrace,Freehold,1,1,Full,2,500,Town,Jalan Suburb Melaka,Melaka,185.86
Charming Apartment,Apartment,Leasehold,1,2,Partial,2,3923.12,Suburb,Jalan Town Melaka,Melaka,4905.17
Cozy Bungalow,Bungalow,Freehold,6,5,Partial,4,1233.52,Town,Jalan Rural Melaka,Melaka,3922.69
Modern Condominium,Condominium,Freehold,6,5,No,5,1231.67,Town,Jalan Suburb Terengganu,Terengganu,826.99
Spacious Condominium,Condominium,Freehold,3,5,No,0,1821.21,Suburb,Jalan Suburb Perlis,Perlis,1218.27
Charming Bungalow,Bungalow,Freehold,4,5,No,4,500,Rural,Jalan Rural Negeri Sembilan,Negeri Sembilan,1207.39
Elegant Terrace,Terrace,Leasehold,2,1,No,3,2323.39,Rural,Jalan Rural Melaka,Melaka,2738.52
Cozy Bungalow,Bungalow,Freehold,4,5,No,2,1268.01,Rural,Jalan Town Perak,Perak,1216.75
Charming Terrace,Terrace,Freehold,2,3,No,3,1629.99,Suburb,Jalan Suburb Terengganu,Terengganu,246.49
Cozy Bungalow,Bungalow,Freehold,1,1,Full,0,1046.2,Suburb,Jalan Rural Sabah,Sabah,779.86
Spacious Bungalow,Bungalow,Leasehold,3,2,Full,5,2372.84,Suburb,Jalan Town Sarawak,Sarawak,21958.3
Modern Bungalow,Bungalow,Freehold,6,4,No,2,713.14,Suburb,Jalan Town Negeri Sembilan,Negeri Sembilan,4823.16
Cozy Condominium,Condominium,Freehold,1,1,Full,2,2643.23,Town,Jalan Rural Kelantan,Kelantan,3904.06
Spacious Terrace,Terrace,Freehold,1,2,Partial,5,2660.45,Suburb,Jalan Rural Sarawak,Sarawak,461.77
Quaint Condominium,Condominium,Freehold,5,4,Full,4,960.85,Suburb,Jalan Suburb Sabah,Sabah,8114.78
Charming Apartment,Apartment,Leasehold,6,5,No,4,1931.74,Rural,Jalan Suburb Sarawak,Sarawak,325.23
Charming Terrace,Terrace,Freehold,3,1,Partial,0,2137.05,Suburb,Jalan Suburb Pahang,Pahang,1076.49
Spacious Bungalow,Bungalow,Freehold,5,6,No,5,786.89,Rural,Jalan Town Terengganu,Terengganu,2317.63
Quaint Condominium,Condominium,Leasehold,4,5,No,0,2293.03,Town,Jalan Rural Kuala Lumpur,Kuala Lumpur,7557.27
Charming Terrace,Terrace,Leasehold,3,5,Full,5,1835.88,Rural,Jalan Suburb Perlis,Perlis,3968.76
Elegant Apartment,Apartment,Leasehold,2,1,Full,0,500,Rural,Jalan Suburb Sarawak,Sarawak,291.14
Cozy Terrace,Terrace,Freehold,3,5,Partial,2,500,Suburb,Jalan Rural Johor,Johor,3890.54
Luxurious Condominium,Condominium,Freehold,3,2,No,5,1833.99,Town,Jalan Town Selangor,Selangor,783.83
Quaint Bungalow,Bungalow,Freehold,1,1,Full,1,1227.02,Suburb,Jalan Rural Sarawak,Sarawak,4546.54
Charming Apartment,Apartment,Freehold,3,4,Full,0,825.71,Suburb,Jalan Town Melaka,Melaka,2717.38
Elegant Condominium,Condominium,Freehold,5,6,Partial,3,1242.86,Town,Jalan Town Johor,Johor,5041.68
Charming Condominium,Condominium,Leasehold,4,4,Partial,5,819.31,Town,Jalan Suburb Negeri Sembilan,Negeri Sembilan,799.74
Modern Apartment,Apartment,Freehold,5,5,No,0,500,Town,Jalan Town Kedah,Kedah,1098.35
Quaint Condominium,Condominium,Freehold,6,6,No,1,673.61,Rural,Jalan Rural Kelantan,Kelantan,1795.39
Quaint Bungalow,Bungalow,Freehold,2,1,No,2,1086.55,Town,Jalan Town Kuala Lumpur,Kuala Lumpur,400.64
Modern Condominium,Condominium,Freehold,5,5,Partial,2,853.95,Suburb,Jalan Suburb Kedah,Kedah,4569.68
Luxurious Apartment,Apartment,Leasehold,5,5,Full,3,500,Rural,Jalan Rural Perlis,Perlis,914.07
Quaint Condominium,Condominium,Freehold,6,6,No,4,600.98,Suburb,Jalan Suburb Sabah,Sabah,4296.8
Modern Apartment,Apartment,Leasehold,1,1,Partial,2,2275.06,Suburb,Jalan Town Sarawak,Sarawak,2727.68
Elegant Apartment,Apartment,Leasehold,5,3,Partial,3,521.72,Town,Jalan Rural Perlis,Perlis,1352.01
Luxurious Terrace,Terrace,Freehold,4,4,Partial,2,1239.75,Rural,Jalan Suburb Kuala Lumpur,Kuala Lumpur,5587.52
Modern Terrace,Terrace,Leasehold,4,3,Partial,1,1733.42,Rural,Jalan Suburb Johor,Johor,7025.26
Cozy Terrace,Terrace,Freehold,5,4,Partial,1,500,Town,Jalan Suburb Kuala Lumpur,Kuala Lumpur,815.08
Spacious Apartment,Apartment,Freehold,1,1,No,4,526.14,Rural,Jalan Town Sabah,Sabah,420
Quaint Condominium,Condominium,Freehold,5,6,Partial,1,2349.7,Town,Jalan Rural Sarawak,Sarawak,18414.31
Modern Terrace,Terrace,Freehold,2,2,Partial,1,2039.89,Town,Jalan Town Melaka,Melaka,4009.53
Charming Terrace,Terrace,Freehold,4,2,Full,2,1602.39,Town,Jalan Suburb Terengganu,Terengganu,2794.97
Elegant Condominium,Condominium,Leasehold,6,4,No,5,1470.47,Rural,Jalan Rural Perak,Perak,594.73
Modern Condominium,Condominium,Freehold,2,2,No,0,911.66,Rural,Jalan Suburb Kedah,Kedah,68.97
Modern Bungalow,Bungalow,Freehold,2,4,Partial,4,500,Town,Jalan Rural Kuala Lumpur,Kuala Lumpur,438.75
Charming Condominium,Condominium,Leasehold,5,6,No,5,2228.68,Suburb,Jalan Suburb Kedah,Kedah,2187.3
Quaint Terrace,Terrace,Freehold,4,6,Partial,1,2479.87,Rural,Jalan Rural Perlis,Perlis,2647.43
Cozy Terrace,Terrace,Freehold,3,2,No,1,1800.88,Rural,Jalan Suburb Johor,Johor,596
Spacious Condominium,Condominium,Leasehold,1,3,Partial,5,720.45,Rural,Jalan Rural Kelantan,Kelantan,1573.09
Modern Condominium,Condominium,Leasehold,3,3,Full,1,500,Town,Jalan Town Selangor,Selangor,1385.98
Luxurious Condominium,Condominium,Freehold,1,1,Partial,1,899.36,Suburb,Jalan Rural Sabah,Sabah,2964.72
Luxurious Apartment,Apartment,Freehold,2,1,Partial,3,696.41,Suburb,Jalan Town Johor,Johor,3664.48
Spacious Bungalow,Bungalow,Leasehold,3,5,No,5,2143.54,Town,Jalan Rural Johor,Johor,5968.38
Charming Apartment,Apartment,Freehold,3,3,Partial,0,1147.86,Town,Jalan Suburb Sabah,Sabah,730.1
Spacious Apartment,Apartment,Freehold,1,1,No,3,1006.64,Town,Jalan Suburb Sarawak,Sarawak,846.66
Quaint Condominium,Condominium,Freehold,5,3,Full,3,2235.59,Town,Jalan Rural Kelantan,Kelantan,1488.15
Charming Terrace,Terrace,Freehold,2,2,No,2,1202.87,Town,Jalan Rural Sarawak,Sarawak,3626.63
Spacious Condominium,Condominium,Freehold,5,5,No,1,745.28,Town,Jalan Town Negeri Sembilan,Negeri Sembilan,3493.71
Cozy Condominium,Condominium,Leasehold,6,6,No,3,706.18,Suburb,Jalan Suburb Sabah,Sabah,2276.8
Luxurious Bungalow,Bungalow,Freehold,5,6,Full,5,1290.96,Suburb,Jalan Rural Perlis,Perlis,2551.32
Charming Terrace,Terrace,Leasehold,3,1,Partial,5,860.84,Rural,Jalan Suburb Terengganu,Terengganu,1893.22
Quaint Terrace,Terrace,Freehold,5,5,No,1,500,Rural,Jalan Suburb Perlis,Perlis,484.75
Luxurious Condominium,Condominium,Leasehold,5,5,Partial,0,1470.34,Town,Jalan Rural Terengganu,Terengganu,2537.49
Spacious Terrace,Terrace,Leasehold,1,2,No,0,601.93,Town,Jalan Rural Perlis,Perlis,401.27
Elegant Terrace,Terrace,Freehold,6,5,Full,5,677.17,Town,Jalan Town Selangor,Selangor,6847.25
Cozy Terrace,Terrace,Leasehold,3,5,No,2,1089.64,Suburb,Jalan Town Sabah,Sabah,370.87
Charming Bungalow,Bungalow,Freehold,6,6,No,2,1784.2,Town,Jalan Rural Melaka,Melaka,6745.22
Cozy Terrace,Terrace,Freehold,6,6,Partial,2,1637.19,Suburb,Jalan Town Perak,Perak,10083.3
Spacious Condominium,Condominium,Freehold,5,5,Full,3,2741.44,Suburb,Jalan Rural Kuala Lumpur,Kuala Lumpur,38675.62
Quaint Condominium,Condominium,Leasehold,4,6,Partial,0,500,Rural,Jalan Town Kedah,Kedah,342.83
Charming Apartment,Apartment,Leasehold,5,6,Partial,5,2395.99,Suburb,Jalan Rural Perak,Perak,16228.17
Charming Terrace,Terrace,Freehold,5,6,Full,4,1350.56,Town,Jalan Town Johor,Johor,13701.15
Elegant Bungalow,Bungalow,Leasehold,5,4,Full,5,831.24,Rural,Jalan Suburb Johor,Johor,747.24
Quaint Bungalow,Bungalow,Freehold,1,2,No,3,680.45,Suburb,Jalan Town Terengganu,Terengganu,1400.36
Luxurious Bungalow,Bungalow,Leasehold,6,4,Full,3,500,Rural,Jalan Town Perak,Perak,2430.4
Charming Condominium,Condominium,Leasehold,2,3,Full,4,1049.79,Rural,Jalan Rural Sabah,Sabah,3301.21
Luxurious Condominium,Condominium,Freehold,6,4,Partial,4,1062.69,Suburb,Jalan Rural Penang,Penang,10313.73
Spacious Terrace,Terrace,Leasehold,3,2,No,3,1490.01,Suburb,Jalan Suburb Kedah,Kedah,570.2
Spacious Apartment,Apartment,Leasehold,4,2,Full,3,628.75,Rural,Jalan Suburb Kedah,Kedah,1526.35
Quaint Bungalow,Bungalow,Freehold,6,6,No,1,1521.06,Rural,Jalan Rural Perlis,Perlis,3142.84
Charming Terrace,Terrace,Leasehold,5,5,Full,2,547.59,Rural,Jalan Suburb Sarawak,Sarawak,847.23
Modern Condominium,Condominium,Leasehold,5,5,Partial,0,1254.85,Town,Jalan Rural Selangor,Selangor,1085.5
Modern Apartment,Apartment,Freehold,6,6,Full,2,2408.39,Suburb,Jalan Suburb Melaka,Melaka,16829.09
Charming Apartment,Apartment,Freehold,1,2,Partial,2,2354.92,Suburb,Jalan Town Sarawak,Sarawak,6711.59
Charming Bungalow,Bungalow,Leasehold,4,5,No,3,980.29,Town,Jalan Rural Perak,Perak,2055.83
Quaint Apartment,Apartment,Freehold,6,6,No,3,540.93,Suburb,Jalan Rural Melaka,Melaka,1621.13
Quaint Terrace,Terrace,Leasehold,6,6,No,1,2565.19,Rural,Jalan Rural Johor,Johor,1020.98
Spacious Apartment,Apartment,Freehold,6,6,Full,4,500,Suburb,Jalan Suburb Perak,Perak,1189.88
Quaint Terrace,Terrace,Leasehold,3,3,No,3,2163.6,Town,Jalan Town Perak,Perak,1931.62
Spacious Apartment,Apartment,Freehold,1,1,Full,4,2210.12,Rural,Jalan Suburb Sarawak,Sarawak,6605.44
Spacious Condominium,Condominium,Leasehold,3,3,No,0,2351.55,Rural,Jalan Town Kuala Lumpur,Kuala Lumpur,5003.59
Quaint Terrace,Terrace,Leasehold,1,1,No,3,780.08,Suburb,Jalan Town Penang,Penang,1898.42
Spacious Apartment,Apartment,Leasehold,6,4,No,2,1263.85,Suburb,Jalan Rural Kuala Lumpur,Kuala Lumpur,6832
Quaint Terrace,Terrace,Freehold,3,1,No,5,1871.25,Rural,Jalan Suburb Perak,Perak,4102.44
Spacious Terrace,Terrace,Leasehold,2,2,No,5,1295.4,Town,Jalan Town Kuala Lumpur,Kuala Lumpur,5449.27
Luxurious Apartment,Apartment,Leasehold,1,1,No,4,1178.48,Suburb,Jalan Suburb Kelantan,Kelantan,615.72
Cozy Apartment,Apartment,Freehold,1,2,Partial,5,1032.12,Town,Jalan Rural Sarawak,Sarawak,1610.77
Elegant Terrace,Terrace,Freehold,4,3,No,4,680.51,Town,Jalan Suburb Negeri Sembilan,Negeri Sembilan,1779.25
Cozy Condominium,Condominium,Freehold,6,6,Partial,5,1542.15,Suburb,Jalan Suburb Perlis,Perlis,188.06
Quaint Condominium,Condominium,Freehold,6,4,Full,4,685.19,Rural,Jalan Suburb Melaka,Melaka,3296.6
Spacious Apartment,Apartment,Leasehold,4,4,No,0,500,Rural,Jalan Town Selangor,Selangor,120.2
Elegant Bungalow,Bungalow,Freehold,3,5,Partial,0,500,Suburb,Jalan Town Negeri Sembilan,Negeri Sembilan,735.03
Luxurious Terrace,Terrace,Freehold,3,4,No,3,500,Town,Jalan Suburb Kedah,Kedah,864.95
Elegant Apartment,Apartment,Freehold,6,6,Full,2,1196.48,Rural,Jalan Town Melaka,Melaka,2119.71
Luxurious Apartment,Apartment,Leasehold,5,3,No,4,1384.7,Town,Jalan Town Kedah,Kedah,3955.56
Quaint Terrace,Terrace,Freehold,5,4,Full,3,1965.12,Rural,Jalan Town Negeri Sembilan,Negeri Sembilan,2235.08
Charming Terrace,Terrace,Leasehold,2,1,No,3,500,Town,Jalan Rural Sarawak,Sarawak,556.74
Modern Apartment,Apartment,Leasehold,2,4,Full,3,500,Town,Jalan Town Negeri Sembilan,Negeri Sembilan,2502.21
Cozy Apartment,Apartment,Freehold,5,6,Partial,0,687.51,Suburb,Jalan Suburb Johor,Johor,4545.17
Charming Apartment,Apartment,Freehold,2,3,No,5,1763.57,Rural,Jalan Town Sabah,Sabah,5085.17
Charming Terrace,Terrace,Freehold,6,6,No,5,2081.68,Suburb,Jalan Rural Johor,Johor,19251.84
Cozy Apartment,Apartment,Freehold,5,6,Partial,4,927.85,Town,Jalan Town Pahang,Pahang,1664.14
Spacious Condominium,Condominium,Leasehold,1,3,Partial,4,1437.81,Town,Jalan Suburb Pahang,Pahang,1308.89
Cozy Bungalow,Bungalow,Freehold,5,3,Full,4,1329.49,Town,Jalan Suburb Penang,Penang,7684.97
Spacious Condominium,Condominium,Freehold,6,6,No,1,500,Rural,Jalan Town Kelantan,Kelantan,1143.25
Spacious Condominium,Condominium,Freehold,2,1,Full,4,1037.06,Town,Jalan Town Terengganu,Terengganu,1526
Charming Apartment,Apartment,Freehold,3,5,Partial,3,500,Rural,Jalan Town Melaka,Melaka,745.8
Quaint Apartment,Apartment,Freehold,1,2,Partial,0,500,Town,Jalan Town Kedah,Kedah,50.11
Modern Apartment,Apartment,Leasehold,1,2,No,1,500,Town,Jalan Rural Selangor,Selangor,573.65
Luxurious Condominium,Condominium,Freehold,2,1,Full,5,500,Town,Jalan Rural Kuala Lumpur,Kuala Lumpur,2792.8
Charming Condominium,Condominium,Leasehold,1,1,Full,2,1329.63,Rural,Jalan Town Sarawak,Sarawak,4334.96
Quaint Terrace,Terrace,Leasehold,4,4,Partial,4,1073.77,Rural,Jalan Town Perlis,Perlis,171.42
Quaint Terrace,Terrace,Leasehold,3,2,Full,4,1622.67,Suburb,Jalan Rural Perak,Perak,7129.79
Quaint Terrace,Terrace,Freehold,1,3,Partial,0,967.01,Suburb,Jalan Suburb Negeri Sembilan,Negeri Sembilan,1269.09
Charming Condominium,Condominium,Leasehold,1,1,Full,4,2020.04,Rural,Jalan Town Kedah,Kedah,311.7
Cozy Bungalow,Bungalow,Leasehold,3,3,Full,4,875.32,Town,Jalan Town Perak,Perak,3243.49
Luxurious Condominium,Condominium,Leasehold,5,5,Full,4,500,Town,Jalan Suburb Kuala Lumpur,Kuala Lumpur,3933.51
Modern Bungalow,Bungalow,Freehold,1,2,No,5,569.07,Suburb,Jalan Town Melaka,Melaka,619.32
Quaint Apartment,Apartment,Leasehold,3,5,Full,3,931.17,Rural,Jalan Suburb Negeri Sembilan,Negeri Sembilan,3924.14
Elegant Bungalow,Bungalow,Leasehold,2,1,Full,2,1221.07,Suburb,Jalan Suburb Sarawak,Sarawak,4744.2
Spacious Bungalow,Bungalow,Leasehold,6,6,Partial,3,1412.95,Town,Jalan Town Kuala Lumpur,Kuala Lumpur,6163.78
Cozy Terrace,Terrace,Freehold,2,1,Partial,2,1666.14,Suburb,Jalan Rural Sarawak,Sarawak,6503.68
Elegant Condominium,Condominium,Leasehold,1,1,Partial,3,2432.67,Rural,Jalan Rural Perak,Perak,4310.96
Cozy Apartment,Apartment,Freehold,6,6,No,2,754.44,Rural,Jalan Rural Pahang,Pahang,857.93
Luxurious Condominium,Condominium,Freehold,2,1,No,5,2828.23,Rural,Jalan Rural Perak,Perak,1617.29
Elegant Apartment,Apartment,Freehold,5,4,No,0,2677.91,Suburb,Jalan Rural Selangor,Selangor,8676.63
Cozy Condominium,Condominium,Freehold,1,1,Full,1,1012.81,Suburb,Jalan Town Penang,Penang,3233.13
Elegant Bungalow,Bungalow,Leasehold,5,6,Full,4,1760.72,Rural,Jalan Suburb Perak,Perak,142.88
Spacious Terrace,Terrace,Leasehold,6,6,Full,0,1872.79,Town,Jalan Town Terengganu,Terengganu,3707.45
Cozy Bungalow,Bungalow,Freehold,4,3,No,0,1570.28,Town,Jalan Town Kedah,Kedah,3585.18
Cozy Condominium,Condominium,Leasehold,2,4,Partial,1,568.87,Town,Jalan Suburb Johor,Johor,2301.42
Spacious Condominium,Condominium,Freehold,3,3,Partial,4,500,Suburb,Jalan Town Kedah,Kedah,2852.66
Elegant Apartment,Apartment,Freehold,1,1,Partial,4,701.7,Suburb,Jalan Suburb Johor,Johor,3042.06
Luxurious Bungalow,Bungalow,Freehold,1,1,Partial,2,838.05,Suburb,Jalan Suburb Sabah,Sabah,2672.39
Elegant Apartment,Apartment,Leasehold,5,6,Full,3,500,Suburb,Jalan Rural Penang,Penang,2918.22
Luxurious Condominium,Condominium,Leasehold,3,5,Full,4,1618.8,Rural,Jalan Rural Kedah,Kedah,5517.34
Quaint Bungalow,Bungalow,Leasehold,6,6,Full,3,897.11,Town,Jalan Rural Kuala Lumpur,Kuala Lumpur,10701.85
Spacious Condominium,Condominium,Freehold,1,1,No,5,2681.33,Town,Jalan Suburb Negeri Sembilan,Negeri Sembilan,8037.45
Elegant Terrace,Terrace,Freehold,6,6,Full,4,1992.22,Suburb,Jalan Rural Pahang,Pahang,13485.94
Charming Bungalow,Bungalow,Leasehold,5,4,Full,3,1354.18,Rural,Jalan Town Kuala Lumpur,Kuala Lumpur,8070.14
Cozy Terrace,Terrace,Leasehold,6,5,Partial,5,500,Suburb,Jalan Suburb Melaka,Melaka,2974.87
Cozy Apartment,Apartment,Freehold,3,4,Full,3,500,Town,Jalan Suburb Kedah,Kedah,201.6
Cozy Apartment,Apartment,Leasehold,5,3,Partial,2,1456.83,Rural,Jalan Rural Kelantan,Kelantan,2646.7
Charming Terrace,Terrace,Leasehold,4,5,Partial,4,940.03,Town,Jalan Town Kedah,Kedah,1784.28
Modern Terrace,Terrace,Leasehold,3,4,Partial,2,1120.25,Rural,Jalan Town Perak,Perak,291.49
Elegant Apartment,Apartment,Leasehold,2,1,Partial,4,500,Town,Jalan Suburb Penang,Penang,1256.37
Charming Apartment,Apartment,Leasehold,4,3,Full,0,2085.9,Town,Jalan Rural Kuala Lumpur,Kuala Lumpur,8743.62
Quaint Terrace,Terrace,Freehold,4,4,Full,4,1412,Suburb,Jalan Suburb Kuala Lumpur,Kuala Lumpur,697.78
Quaint Condominium,Condominium,Freehold,4,6,Partial,0,1063.02,Rural,Jalan Suburb Johor,Johor,6113.83
Modern Terrace,Terrace,Leasehold,2,4,Partial,0,1533.12,Suburb,Jalan Town Kuala Lumpur,Kuala Lumpur,4197.73
Elegant Condominium,Condominium,Freehold,2,2,Full,5,500,Town,Jalan Suburb Perak,Perak,358.47
Elegant Terrace,Terrace,Freehold,6,4,Partial,3,1521.66,Rural,Jalan Town Kuala Lumpur,Kuala Lumpur,4622.78
Luxurious Condominium,Condominium,Freehold,4,3,Partial,0,542.46,Rural,Jalan Suburb Sarawak,Sarawak,1037.71
Cozy Bungalow,Bungalow,Freehold,6,6,Full,1,500,Suburb,Jalan Rural Pahang,Pahang,2467.6
Modern Terrace,Terrace,Leasehold,2,3,No,0,550.46,Suburb,Jalan Town Sarawak,Sarawak,1755.62
Charming Terrace,Terrace,Leasehold,6,5,No,3,891.65,Town,Jalan Suburb Johor,Johor,3811.39
Modern Apartment,Apartment,Freehold,2,3,Partial,1,850.97,Town,Jalan Town Kedah,Kedah,2038.58
Modern Apartment,Apartment,Freehold,1,1,Partial,0,874.26,Suburb,Jalan Suburb Sabah,Sabah,400.22
Cozy Condominium,Condominium,Freehold,6,6,Full,0,1510.38,Rural,Jalan Suburb Penang,Penang,3999.64
Modern Terrace,Terrace,Leasehold,5,6,Partial,3,1451.59,Suburb,Jalan Suburb Sarawak,Sarawak,14075.69
Elegant Condominium,Condominium,Freehold,6,6,Partial,1,1170.74,Rural,Jalan Suburb Melaka,Melaka,219.19
Charming Bungalow,Bungalow,Freehold,1,3,Partial,0,2754.44,Suburb,Jalan Town Selangor,Selangor,10314.54
Modern Apartment,Apartment,Leasehold,4,2,No,3,2173.42,Rural,Jalan Town Johor,Johor,3054.27
Cozy Apartment,Apartment,Leasehold,2,4,Full,3,661.69,Rural,Jalan Suburb Selangor,Selangor,872.3
Modern Apartment,Apartment,Freehold,4,6,Full,2,680.6,Suburb,Jalan Town Selangor,Selangor,3840.63
Elegant Bungalow,Bungalow,Leasehold,3,1,No,0,500,Rural,Jalan Suburb Perak,Perak,102.26
Charming Apartment,Apartment,Freehold,5,6,Full,2,2443.27,Suburb,Jalan Suburb Perak,Perak,11874.44
Modern Bungalow,Bungalow,Leasehold,3,3,No,4,1016.69,Suburb,Jalan Suburb Johor,Johor,7238.05
Modern Condominium,Condominium,Freehold,1,1,No,3,1085.92,Town,Jalan Town Perlis,Perlis,1429.73
Charming Condominium,Condominium,Freehold,1,1,Partial,5,500,Suburb,Jalan Rural Pahang,Pahang,748.75
Charming Bungalow,Bungalow,Freehold,4,2,Partial,2,500,Town,Jalan Town Penang,Penang,2101.22
Modern Terrace,Terrace,Freehold,3,5,Full,1,500,Suburb,Jalan Rural Perak,Perak,854.16
Cozy Terrace,Terrace,Leasehold,1,1,Full,5,566.54,Town,Jalan Rural Sarawak,Sarawak,1405.9
Elegant Apartment,Apartment,Leasehold,2,2,Full,0,1922.27,Suburb,Jalan Rural Terengganu,Terengganu,4749.84
Charming Bungalow,Bungalow,Leasehold,2,1,Full,2,2135.78,Suburb,Jalan Rural Sarawak,Sarawak,10083
Elegant Apartment,Apartment,Freehold,3,4,Partial,5,2559.39,Suburb,Jalan Suburb Negeri Sembilan,Negeri Sembilan,4842.8
Luxurious Apartment,Apartment,Leasehold,5,6,Partial,0,1540.56,Suburb,Jalan Suburb Selangor,Selangor,5043.46
Elegant Terrace,Terrace,Leasehold,5,3,Full,0,1128.61,Town,Jalan Rural Kelantan,Kelantan,1813.24
Elegant Terrace,Terrace,Freehold,5,6,Full,3,2507.01,Suburb,Jalan Suburb Kuala Lumpur,Kuala Lumpur,22996.74
Spacious Condominium,Condominium,Leasehold,3,5,Full,4,915.24,Suburb,Jalan Rural Perak,Perak,2863.2
Luxurious Bungalow,Bungalow,Freehold,3,5,Full,4,621.02,Rural,Jalan Rural Terengganu,Terengganu,1251.3
Modern Apartment,Apartment,Freehold,3,2,Partial,4,1171.12,Rural,Jalan Suburb Sarawak,Sarawak,2481.52
Luxurious Bungalow,Bungalow,Leasehold,6,5,No,1,1387.33,Rural,Jalan Rural Melaka,Melaka,1130.17
Luxurious Apartment,Apartment,Leasehold,4,3,Partial,1,1382.77,Town,Jalan Rural Sarawak,Sarawak,826.58
Modern Condominium,Condominium,Freehold,6,6,No,0,1890,Rural,Jalan Rural Kedah,Kedah,3147.78
Charming Condominium,Condominium,Leasehold,3,3,Partial,1,808.39,Suburb,Jalan Suburb Sarawak,Sarawak,188.08
Cozy Apartment,Apartment,Leasehold,2,3,Full,5,1064.76,Suburb,Jalan Suburb Melaka,Melaka,1610.19
Charming Apartment,Apartment,Leasehold,3,1,Partial,4,575.06,Suburb,Jalan Suburb Sarawak,Sarawak,1466.53
Charming Condominium,Condominium,Leasehold,1,1,No,0,948.95,Town,Jalan Town Melaka,Melaka,482.12
Charming Terrace,Terrace,Leasehold,3,2,No,3,1246.67,Suburb,Jalan Rural Kedah,Kedah,1305.67
Modern Apartment,Apartment,Leasehold,4,2,Partial,5,667.27,Town,Jalan Town Perak,Perak,2007.44
Modern Bungalow,Bungalow,Freehold,1,1,Full,3,999.82,Town,Jalan Suburb Pahang,Pahang,1934.61
Luxurious Condominium,Condominium,Leasehold,4,5,Full,4,1916.26,Town,Jalan Rural Johor,Johor,2352.31
Charming Apartment,Apartment,Leasehold,5,4,Full,2,1343.72,Rural,Jalan Suburb Penang,Penang,765.32
Modern Condominium,Condominium,Leasehold,4,5,Full,4,2005.38,Suburb,Jalan Rural Sabah,Sabah,3447.63
Elegant Bungalow,Bungalow,Freehold,1,3,Partial,4,1734.35,Suburb,Jalan Town Kelantan,Kelantan,5178.27
Elegant Apartment,Apartment,Freehold,3,2,Full,5,1866.47,Suburb,Jalan Town Perak,Perak,9897.97
Cozy Condominium,Condominium,Leasehold,6,6,Full,3,1109.56,Rural,Jalan Suburb Terengganu,Terengganu,1211.08
Elegant Apartment,Apartment,Leasehold,6,5,Full,3,1879.23,Rural,Jalan Town Pahang,Pahang,5870.44
Charming Terrace,Terrace,Leasehold,2,4,No,4,887.5,Town,Jalan Rural Pahang,Pahang,626.44
Elegant Bungalow,Bungalow,Freehold,6,6,Partial,1,1764.86,Suburb,Jalan Rural Kedah,Kedah,2262.7
Elegant Terrace,Terrace,Leasehold,2,2,Partial,5,1425.09,Suburb,Jalan Rural Kelantan,Kelantan,4673.45
Modern Apartment,Apartment,Leasehold,4,3,Full,4,500,Suburb,Jalan Rural Perlis,Perlis,597.96
Luxurious Condominium,Condominium,Leasehold,2,1,No,3,1123.29,Town,Jalan Suburb Selangor,Selangor,619.08
Cozy Condominium,Condominium,Freehold,4,2,No,1,1486.82,Town,Jalan Suburb Sarawak,Sarawak,3063.65
Spacious Apartment,Apartment,Leasehold,3,1,Full,3,813.12,Town,Jalan Rural Terengganu,Terengganu,2293.58
Spacious Terrace,Terrace,Leasehold,1,1,No,4,2609.33,Suburb,Jalan Rural Selangor,Selangor,6877.62
Charming Condominium,Condominium,Leasehold,6,6,Full,4,1965.18,Suburb,Jalan Suburb Pahang,Pahang,12994.54
Spacious Condominium,Condominium,Leasehold,1,1,No,5,2327.03,Town,Jalan Town Perlis,Perlis,1258.5
Spacious Terrace,Terrace,Leasehold,1,1,Partial,3,500,Rural,Jalan Town Sarawak,Sarawak,934.01
Luxurious Apartment,Apartment,Freehold,2,1,Partial,1,2258.78,Suburb,Jalan Rural Kelantan,Kelantan,3294.78
Elegant Bungalow,Bungalow,Leasehold,3,4,Full,1,1806.23,Town,Jalan Town Johor,Johor,2218.23
Spacious Condominium,Condominium,Freehold,5,5,No,1,853.73,Suburb,Jalan Town Johor,Johor,1855.19
Elegant Condominium,Condominium,Freehold,1,2,No,0,1743.9,Town,Jalan Rural Pahang,Pahang,544.95
Elegant Terrace,Terrace,Freehold,2,1,Full,4,2305.33,Rural,Jalan Rural Selangor,Selangor,6871.88
Spacious Terrace,Terrace,Freehold,2,3,No,2,1058.38,Suburb,Jalan Rural Kedah,Kedah,198.9
Quaint Bungalow,Bungalow,Freehold,3,3,Full,4,962.65,Rural,Jalan Town Kuala Lumpur,Kuala Lumpur,5082.01
Charming Apartment,Apartment,Leasehold,6,4,Partial,4,1200.57,Suburb,Jalan Town Sarawak,Sarawak,1595.27
Quaint Bungalow,Bungalow,Leasehold,1,3,Partial,4,1504.4,Suburb,Jalan Suburb Selangor,Selangor,7177.96
Modern Condominium,Condominium,Leasehold,3,5,No,0,1352.48,Rural,Jalan Suburb Kedah,Kedah,1491.48
Elegant Terrace,Terrace,Freehold,5,5,Partial,5,1824.06,Town,Jalan Town Sarawak,Sarawak,949.75
Elegant Condominium,Condominium,Freehold,4,2,Partial,5,500,Suburb,Jalan Town Melaka,Melaka,812.86
Cozy Condominium,Condominium,Leasehold,4,3,Partial,1,1921.31,Rural,Jalan Suburb Perak,Perak,711.88
Cozy Bungalow,Bungalow,Leasehold,2,1,No,5,1391.03,Rural,Jalan Town Kuala Lumpur,Kuala Lumpur,113.31
Elegant Apartment,Apartment,Leasehold,1,3,No,4,763.71,Suburb,Jalan Rural Penang,Penang,2607.1
Cozy Bungalow,Bungalow,Leasehold,4,5,Full,0,1740.78,Town,Jalan Suburb Kuala Lumpur,Kuala Lumpur,3836.13
Luxurious Terrace,Terrace,Leasehold,5,5,No,1,500,Suburb,Jalan Town Perak,Perak,1056.3
Elegant Bungalow,Bungalow,Freehold,3,5,Partial,1,901.75,Suburb,Jalan Town Sabah,Sabah,4995.87
Spacious Bungalow,Bungalow,Freehold,6,4,Full,0,1301.98,Rural,Jalan Rural Kedah,Kedah,4955.35
Modern Bungalow,Bungalow,Freehold,3,1,Full,2,1590.67,Suburb,Jalan Rural Perak,Perak,6317.35
Charming Apartment,Apartment,Freehold,2,1,No,2,1655.91,Suburb,Jalan Town Kuala Lumpur,Kuala Lumpur,5997.99
Quaint Terrace,Terrace,Freehold,2,2,No,3,500,Rural,Jalan Suburb Kedah,Kedah,542.91
Modern Bungalow,Bungalow,Freehold,2,3,Full,2,717.73,Rural,Jalan Town Kuala Lumpur,Kuala Lumpur,4543.77
Spacious Bungalow,Bungalow,Leasehold,2,1,Full,5,657.78,Suburb,Jalan Suburb Terengganu,Terengganu,2949.45
Spacious Condominium,Condominium,Freehold,1,3,Partial,4,1170.71,Suburb,Jalan Rural Terengganu,Terengganu,5365.47
Modern Condominium,Condominium,Leasehold,4,4,Full,2,734.3,Suburb,Jalan Town Sarawak,Sarawak,6682.34
Charming Terrace,Terrace,Freehold,3,2,Partial,1,1563.8,Suburb,Jalan Rural Terengganu,Terengganu,794
Spacious Terrace,Terrace,Freehold,2,2,Partial,0,2331.7,Rural,Jalan Town Kedah,Kedah,3180.98
Luxurious Condominium,Condominium,Freehold,2,1,Partial,4,500,Rural,Jalan Town Kuala Lumpur,Kuala Lumpur,1189.97
Spacious Condominium,Condominium,Leasehold,2,1,Partial,3,802.63,Town,Jalan Rural Penang,Penang,383.93
Luxurious Condominium,Condominium,Leasehold,6,5,No,3,2633.46,Town,Jalan Rural Kedah,Kedah,2711.7
Cozy Terrace,Terrace,Freehold,4,3,No,1,1975.98,Town,Jalan Rural Johor,Johor,814.15
Spacious Apartment,Apartment,Freehold,1,2,Full,0,1661.66,Town,Jalan Rural Sarawak,Sarawak,197.08
Elegant Apartment,Apartment,Leasehold,2,1,Full,2,500,Rural,Jalan Suburb Selangor,Selangor,1230.32
Elegant Apartment,Apartment,Freehold,2,1,Full,4,1954.08,Suburb,Jalan Town Terengganu,Terengganu,4948.77
Modern Terrace,Terrace,Leasehold,2,1,Full,1,1675.86,Town,Jalan Town Pahang,Pahang,116.41
Charming Apartment,Apartment,Leasehold,4,5,Partial,1,750.76,Suburb,Jalan Rural Johor,Johor,4541.36
Modern Apartment,Apartment,Leasehold,3,4,Full,2,500,Rural,Jalan Suburb Pahang,Pahang,1020.8
Modern Bungalow,Bungalow,Freehold,1,2,Full,3,1302.68,Suburb,Jalan Rural Kedah,Kedah,6441.95
Modern Bungalow,Bungalow,Freehold,3,1,No,3,1279.32,Rural,Jalan Town Selangor,Selangor,267.1
Spacious Bungalow,Bungalow,Leasehold,5,6,Full,1,2061.48,Town,Jalan Town Johor,Johor,6769.35
Modern Bungalow,Bungalow,Freehold,4,5,No,3,500,Town,Jalan Town Negeri Sembilan,Negeri Sembilan,2661.07
Elegant Terrace,Terrace,Leasehold,4,5,No,0,500,Suburb,Jalan Rural Sabah,Sabah,701.85
Elegant Condominium,Condominium,Freehold,2,1,Partial,3,1374.45,Rural,Jalan Town Kedah,Kedah,1536.97
Quaint Apartment,Apartment,Freehold,4,2,Partial,1,1221.18,Suburb,Jalan Suburb Sabah,Sabah,1728.34
Modern Bungalow,Bungalow,Freehold,2,3,Partial,5,1472.81,Rural,Jalan Suburb Johor,Johor,7996.56
Modern Condominium,Condominium,Leasehold,6,5,No,4,983.42,Rural,Jalan Rural Sarawak,Sarawak,4401.96
Luxurious Bungalow,Bungalow,Leasehold,6,6,Full,2,1877.51,Rural,Jalan Rural Kelantan,Kelantan,3663.32
Quaint Bungalow,Bungalow,Leasehold,6,6,Partial,0,2037.67,Town,Jalan Suburb Melaka,Melaka,2165.34
Charming Bungalow,Bungalow,Freehold,1,1,No,1,2188.2,Town,Jalan Suburb Perak,Perak,88.16
Cozy Condominium,Condominium,Leasehold,4,3,No,4,500,Town,Jalan Rural Pahang,Pahang,1470.45
Charming Terrace,Terrace,Leasehold,2,1,Full,3,1316.75,Town,Jalan Town Sarawak,Sarawak,1528.03
Luxurious Terrace,Terrace,Leasehold,1,1,Full,5,500,Suburb,Jalan Town Pahang,Pahang,651
Charming Condominium,Condominium,Leasehold,4,2,No,2,1411.46,Suburb,Jalan Town Melaka,Melaka,4209.37
Quaint Terrace,Terrace,Leasehold,5,6,Partial,1,1156.85,Town,Jalan Suburb Perlis,Perlis,841.44
Spacious Terrace,Terrace,Freehold,3,3,Partial,2,500,Town,Jalan Rural Kuala Lumpur,Kuala Lumpur,1755.55
Spacious Bungalow,Bungalow,Leasehold,4,6,Partial,1,1971.97,Suburb,Jalan Town Pahang,Pahang,9077.63
Elegant Terrace,Terrace,Freehold,1,1,No,4,1405.93,Town,Jalan Rural Penang,Penang,423.71
Modern Terrace,Terrace,Freehold,4,3,Partial,1,917.38,Suburb,Jalan Suburb Penang,Penang,81.75
Cozy Apartment,Apartment,Freehold,2,3,Full,0,500,Town,Jalan Rural Negeri Sembilan,Negeri Sembilan,582.63
Spacious Apartment,Apartment,Leasehold,4,3,Full,2,1642.2,Town,Jalan Rural Pahang,Pahang,3128.35
Charming Apartment,Apartment,Freehold,5,3,No,3,1031.95,Suburb,Jalan Rural Kelantan,Kelantan,2012.28
Quaint Bungalow,Bungalow,Freehold,5,4,No,1,639.99,Suburb,Jalan Suburb Johor,Johor,245.32
Elegant Condominium,Condominium,Freehold,1,1,Partial,1,500,Rural,Jalan Town Kuala Lumpur,Kuala Lumpur,329.67
Quaint Apartment,Apartment,Leasehold,1,1,Partial,4,1149.59,Suburb,Jalan Suburb Penang,Penang,3825.97
Charming Terrace,Terrace,Leasehold,4,3,No,1,1578.02,Suburb,Jalan Rural Kedah,Kedah,3262.38
Quaint Bungalow,Bungalow,Leasehold,6,6,No,1,1222.49,Rural,Jalan Rural Terengganu,Terengganu,1481.81
Luxurious Condominium,Condominium,Freehold,4,3,Partial,4,500,Suburb,Jalan Town Selangor,Selangor,951.48
Modern Terrace,Terrace,Leasehold,2,4,No,2,1447.17,Rural,Jalan Rural Sarawak,Sarawak,3023.71
Quaint Condominium,Condominium,Leasehold,1,1,Full,3,1593.1,Suburb,Jalan Town Sabah,Sabah,3020.75
Modern Terrace,Terrace,Leasehold,1,3,Full,0,768.12,Suburb,Jalan Rural Selangor,Selangor,1066.95
Spacious Apartment,Apartment,Freehold,4,4,No,0,999.77,Suburb,Jalan Rural Perak,Perak,2968.94
Luxurious Apartment,Apartment,Leasehold,3,1,No,5,500,Town,Jalan Rural Kuala Lumpur,Kuala Lumpur,1763.14
Spacious Bungalow,Bungalow,Leasehold,3,3,No,2,500,Town,Jalan Suburb Selangor,Selangor,1873.82
Luxurious Condominium,Condominium,Freehold,1,2,Full,5,500,Town,Jalan Town Pahang,Pahang,1921.52
Modern Terrace,Terrace,Leasehold,2,1,Full,0,738.92,Suburb,Jalan Town Kedah,Kedah,2046.65
Charming Condominium,Condominium,Leasehold,5,6,Partial,3,1979.76,Town,Jalan Rural Sabah,Sabah,4616.84
Cozy Terrace,Terrace,Freehold,4,6,Full,2,1525.64,Suburb,Jalan Town Johor,Johor,13822.31
Quaint Apartment,Apartment,Leasehold,3,2,Full,5,500,Rural,Jalan Rural Kelantan,Kelantan,165.26
Cozy Apartment,Apartment,Freehold,6,5,No,1,1696.97,Rural,Jalan Rural Perak,Perak,2746.89
Charming Bungalow,Bungalow,Freehold,6,6,No,2,820.46,Rural,Jalan Rural Kuala Lumpur,Kuala Lumpur,4150.58
Charming Terrace,Terrace,Leasehold,4,3,Full,5,500,Rural,Jalan Town Kedah,Kedah,338.69
Quaint Terrace,Terrace,Freehold,1,3,Full,0,1720.15,Rural,Jalan Town Sabah,Sabah,1254.89
Elegant Terrace,Terrace,Freehold,6,5,No,1,500,Town,Jalan Rural Kelantan,Kelantan,747.51
Modern Apartment,Apartment,Leasehold,4,4,Partial,5,1612.11,Suburb,Jalan Rural Perlis,Perlis,1346.59
Modern Bungalow,Bungalow,Leasehold,2,3,Partial,4,2417,Rural,Jalan Town Terengganu,Terengganu,2219.5
Luxurious Apartment,Apartment,Freehold,3,4,Full,1,2287.72,Town,Jalan Town Penang,Penang,4986.77
Charming Bungalow,Bungalow,Freehold,2,4,No,1,1513.75,Suburb,Jalan Rural Negeri Sembilan,Negeri Sembilan,1603.35
Charming Condominium,Condominium,Freehold,2,1,Partial,1,1003.11,Suburb,Jalan Town Sabah,Sabah,3526.21
Luxurious Terrace,Terrace,Freehold,5,4,Partial,4,891.32,Rural,Jalan Town Sarawak,Sarawak,5082.53
Luxurious Apartment,Apartment,Leasehold,1,3,Full,4,937.3,Suburb,Jalan Suburb Penang,Penang,2425
Elegant Condominium,Condominium,Freehold,4,3,Partial,1,2733.46,Suburb,Jalan Town Penang,Penang,15102.73
Modern Bungalow,Bungalow,Leasehold,1,1,No,2,1245.26,Suburb,Jalan Rural Pahang,Pahang,189.66
Modern Apartment,Apartment,Freehold,4,5,Full,4,500,Suburb,Jalan Rural Kuala Lumpur,Kuala Lumpur,5419.11
Modern Bungalow,Bungalow,Freehold,6,5,Partial,3,1811.09,Town,Jalan Rural Sarawak,Sarawak,1987.25
Quaint Terrace,Terrace,Leasehold,2,1,No,3,1952.99,Suburb,Jalan Suburb Terengganu,Terengganu,1000.58
Spacious Condominium,Condominium,Leasehold,4,6,Full,4,500,Rural,Jalan Rural Terengganu,Terengganu,696.49
Cozy Apartment,Apartment,Leasehold,4,4,Full,5,1260.99,Town,Jalan Rural Terengganu,Terengganu,3502.85
Cozy Apartment,Apartment,Freehold,3,3,No,3,1577.43,Town,Jalan Town Perlis,Perlis,2140.14
Cozy Apartment,Apartment,Leasehold,4,5,Partial,5,500,Town,Jalan Town Melaka,Melaka,1701.17
Charming Condominium,Condominium,Leasehold,2,4,No,4,1326.54,Town,Jalan Suburb Johor,Johor,3464.17
Cozy Bungalow,Bungalow,Freehold,6,4,Full,1,2761.46,Town,Jalan Town Sabah,Sabah,18754.17
Charming Bungalow,Bungalow,Freehold,1,2,No,1,1615.18,Rural,Jalan Rural Perlis,Perlis,41.23
Elegant Bungalow,Bungalow,Freehold,1,3,No,3,1621.27,Town,Jalan Town Johor,Johor,3981.91
Quaint Bungalow,Bungalow,Leasehold,2,4,No,0,1937.46,Town,Jalan Suburb Perak,Perak,1474.52
Charming Bungalow,Bungalow,Leasehold,3,2,No,1,797.05,Town,Jalan Suburb Penang,Penang,1912
Quaint Apartment,Apartment,Freehold,1,1,Partial,5,1234.79,Town,Jalan Rural Kedah,Kedah,2371.12
Modern Terrace,Terrace,Leasehold,5,6,No,0,1275.37,Town,Jalan Rural Perak,Perak,669.11
Cozy Condominium,Condominium,Leasehold,3,4,Full,3,992.24,Rural,Jalan Town Kedah,Kedah,2630.77
Luxurious Terrace,Terrace,Freehold,4,2,Partial,1,1179.84,Town,Jalan Town Kelantan,Kelantan,2648.1
Modern Terrace,Terrace,Leasehold,2,1,Partial,4,3060.98,Suburb,Jalan Suburb Perlis,Perlis,6057.47
Luxurious Apartment,Apartment,Leasehold,5,6,No,5,1686.4,Town,Jalan Rural Negeri Sembilan,Negeri Sembilan,7219.77
Elegant Bungalow,Bungalow,Freehold,5,6,Full,2,3010.81,Town,Jalan Suburb Negeri Sembilan,Negeri Sembilan,24530.44
Modern Bungalow,Bungalow,Leasehold,5,4,Full,3,655.67,Town,Jalan Rural Melaka,Melaka,1869.94
Elegant Bungalow,Bungalow,Freehold,5,5,No,4,1486.48,Suburb,Jalan Suburb Kelantan,Kelantan,6736.47
Cozy Condominium,Condominium,Leasehold,6,6,Full,2,1640.36,Suburb,Jalan Rural Selangor,Selangor,8101.84
Spacious Condominium,Condominium,Freehold,3,5,Full,3,1547.15,Rural,Jalan Town Perak,Perak,4204.39
Charming Terrace,Terrace,Leasehold,3,4,Partial,0,2041.94,Rural,Jalan Town Johor,Johor,6923.98
Elegant Apartment,Apartment,Leasehold,3,2,Full,3,834.58,Town,Jalan Suburb Selangor,Selangor,1258.48
Charming Condominium,Condominium,Leasehold,5,5,Partial,0,1863.7,Suburb,Jalan Town Kelantan,Kelantan,6050.21
Luxurious Apartment,Apartment,Freehold,6,6,Full,1,500,Rural,Jalan Rural Perlis,Perlis,652.62
Quaint Bungalow,Bungalow,Leasehold,3,4,No,5,1232.19,Town,Jalan Rural Kuala Lumpur,Kuala Lumpur,3095.99
Spacious Apartment,Apartment,Freehold,5,3,Partial,4,2228.63,Suburb,Jalan Suburb Sabah,Sabah,9565.7
Modern Condominium,Condominium,Freehold,2,1,Full,4,2334.12,Suburb,Jalan Rural Selangor,Selangor,13397.23
Quaint Condominium,Condominium,Leasehold,6,4,No,5,2220.9,Suburb,Jalan Suburb Johor,Johor,12382.1
Spacious Terrace,Terrace,Leasehold,2,4,Full,1,1520.02,Town,Jalan Town Negeri Sembilan,Negeri Sembilan,943.17
Modern Condominium,Condominium,Leasehold,6,5,Partial,2,1310.79,Town,Jalan Town Terengganu,Terengganu,1679.17
Quaint Condominium,Condominium,Freehold,5,3,Full,3,500,Town,Jalan Town Perlis,Perlis,560.46
Luxurious Terrace,Terrace,Freehold,3,4,Full,5,1390.05,Suburb,Jalan Town Kedah,Kedah,6847.93
Charming Bungalow,Bungalow,Freehold,2,1,No,2,721.18,Suburb,Jalan Suburb Kedah,Kedah,633.79
Cozy Apartment,Apartment,Freehold,2,1,Partial,2,508.18,Rural,Jalan Suburb Negeri Sembilan,Negeri Sembilan,1085.7
Spacious Terrace,Terrace,Freehold,1,2,No,2,1139.57,Town,Jalan Rural Pahang,Pahang,1029.57
Luxurious Apartment,Apartment,Freehold,3,4,No,1,1468.87,Rural,Jalan Suburb Perak,Perak,2847.63
Spacious Bungalow,Bungalow,Leasehold,5,3,Partial,0,500,Town,Jalan Suburb Kuala Lumpur,Kuala Lumpur,2495.57
Cozy Terrace,Terrace,Leasehold,3,2,No,1,1320.03,Suburb,Jalan Town Perlis,Perlis,1617.81
Elegant Bungalow,Bungalow,Leasehold,5,3,Partial,1,1120.67,Town,Jalan Rural Perak,Perak,1150.27
Quaint Condominium,Condominium,Leasehold,6,5,Partial,4,1706.38,Rural,Jalan Rural Kedah,Kedah,5783.7
Elegant Terrace,Terrace,Freehold,2,1,Partial,2,2486.51,Town,Jalan Suburb Perlis,Perlis,4075.14
Charming Bungalow,Bungalow,Leasehold,3,3,Partial,2,839.6,Town,Jalan Rural Kedah,Kedah,318.97
Spacious Condominium,Condominium,Leasehold,3,5,No,2,500,Town,Jalan Rural Johor,Johor,1344.42
Modern Apartment,Apartment,Freehold,2,1,No,0,785.38,Suburb,Jalan Town Sabah,Sabah,1537.76
Spacious Bungalow,Bungalow,Freehold,5,3,Full,4,819.87,Rural,Jalan Suburb Terengganu,Terengganu,4025.03
Spacious Bungalow,Bungalow,Freehold,3,4,No,0,676.26,Suburb,Jalan Rural Terengganu,Terengganu,1711.48
Quaint Apartment,Apartment,Leasehold,5,5,Partial,5,2270.7,Town,Jalan Rural Negeri Sembilan,Negeri Sembilan,15286.32
Cozy Condominium,Condominium,Freehold,5,6,No,3,1321.42,Rural,Jalan Suburb Melaka,Melaka,210.83
Cozy Bungalow,Bungalow,Leasehold,4,5,Partial,1,500,Suburb,Jalan Suburb Terengganu,Terengganu,1368.79
Quaint Condominium,Condominium,Leasehold,4,2,Full,1,1925.67,Suburb,Jalan Town Perlis,Perlis,5176.8
Luxurious Terrace,Terrace,Leasehold,3,4,Partial,0,500,Town,Jalan Suburb Penang,Penang,1653.18
Elegant Bungalow,Bungalow,Leasehold,1,1,Partial,5,500,Suburb,Jalan Suburb Penang,Penang,532.04
Charming Terrace,Terrace,Freehold,6,5,Partial,4,604.19,Town,Jalan Town Perlis,Perlis,1468.33
Spacious Condominium,Condominium,Leasehold,4,6,Full,4,613.34,Town,Jalan Suburb Sarawak,Sarawak,200.17
Charming Bungalow,Bungalow,Leasehold,3,3,Full,2,500,Town,Jalan Town Terengganu,Terengganu,1138.09
Cozy Condominium,Condominium,Freehold,1,2,Full,4,583.78,Suburb,Jalan Rural Kuala Lumpur,Kuala Lumpur,4966.3
Charming Bungalow,Bungalow,Leasehold,6,6,Partial,0,2592.14,Town,Jalan Suburb Pahang,Pahang,868.35
Quaint Condominium,Condominium,Leasehold,5,6,No,1,1618.85,Suburb,Jalan Suburb Penang,Penang,8713.03
Modern Terrace,Terrace,Freehold,6,5,Partial,3,1875.06,Rural,Jalan Suburb Negeri Sembilan,Negeri Sembilan,4632.65
Cozy Terrace,Terrace,Leasehold,5,6,Partial,1,545.23,Town,Jalan Town Perlis,Perlis,729.62
Cozy Bungalow,Bungalow,Freehold,1,1,Partial,2,500,Suburb,Jalan Suburb Perak,Perak,1130.56
Elegant Terrace,Terrace,Freehold,3,1,No,4,992.25,Suburb,Jalan Suburb Perlis,Perlis,2539.73
Cozy Condominium,Condominium,Leasehold,6,4,No,2,2125.03,Town,Jalan Suburb Terengganu,Terengganu,4171.32
Cozy Terrace,Terrace,Freehold,3,5,Full,3,1055.69,Rural,Jalan Rural Perlis,Perlis,2962.52
Luxurious Bungalow,Bungalow,Leasehold,4,3,Full,2,500,Rural,Jalan Suburb Negeri Sembilan,Negeri Sembilan,306.8
Spacious Apartment,Apartment,Freehold,4,5,Full,0,1010.48,Suburb,Jalan Rural Selangor,Selangor,4118.29
Charming Apartment,Apartment,Freehold,5,5,Partial,2,1460.45,Town,Jalan Rural Terengganu,Terengganu,4271.97
Elegant Condominium,Condominium,Leasehold,6,5,Partial,3,1419.2,Suburb,Jalan Town Negeri Sembilan,Negeri Sembilan,9928.74
Luxurious Terrace,Terrace,Leasehold,6,6,Full,2,951.4,Town,Jalan Town Negeri Sembilan,Negeri Sembilan,5592.32
Modern Apartment,Apartment,Freehold,1,3,Full,0,1020.78,Town,Jalan Suburb Sabah,Sabah,2451.92
Spacious Apartment,Apartment,Freehold,6,6,Partial,4,1418,Town,Jalan Town Perak,Perak,4187.16
Cozy Terrace,Terrace,Leasehold,6,6,Partial,4,992.07,Town,Jalan Rural Selangor,Selangor,2771.82
Cozy Bungalow,Bungalow,Freehold,3,3,Full,0,2084.22,Suburb,Jalan Town Kelantan,Kelantan,9759.93
Quaint Apartment,Apartment,Freehold,3,5,No,0,543.41,Suburb,Jalan Town Penang,Penang,594.36
Quaint Condominium,Condominium,Freehold,6,6,Partial,3,604.4,Rural,Jalan Suburb Pahang,Pahang,2779.72
Modern Condominium,Condominium,Leasehold,4,4,Full,3,2375.82,Town,Jalan Town Kedah,Kedah,7026.58
Cozy Terrace,Terrace,Freehold,6,6,Partial,0,1715.64,Suburb,Jalan Rural Sarawak,Sarawak,8161.55
Elegant Terrace,Terrace,Freehold,2,3,Partial,1,2019.38,Town,Jalan Suburb Sarawak,Sarawak,1905.69
Elegant Terrace,Terrace,Freehold,1,3,Full,1,2091.07,Rural,Jalan Town Terengganu,Terengganu,5086.32
Modern Terrace,Terrace,Freehold,5,4,Full,5,500,Town,Jalan Suburb Kedah,Kedah,220.88
Luxurious Bungalow,Bungalow,Leasehold,3,3,Full,1,500,Suburb,Jalan Rural Kuala Lumpur,Kuala Lumpur,2224.92
Elegant Condominium,Condominium,Freehold,1,3,Full,2,500,Town,Jalan Suburb Penang,Penang,1066.78
Spacious Bungalow,Bungalow,Leasehold,1,2,No,2,1920.64,Rural,Jalan Suburb Sabah,Sabah,1709.02
Spacious Condominium,Condominium,Freehold,4,5,No,5,2469.71,Suburb,Jalan Suburb Selangor,Selangor,12002.13
Elegant Terrace,Terrace,Freehold,6,4,No,1,1233.47,Town,Jalan Suburb Penang,Penang,3289.54
Cozy Bungalow,Bungalow,Freehold,3,1,Full,4,1564.15,Rural,Jalan Town Negeri Sembilan,Negeri Sembilan,8098.61
Modern Terrace,Terrace,Leasehold,4,2,No,0,500,Rural,Jalan Suburb Pahang,Pahang,365.37
Luxurious Terrace,Terrace,Leasehold,4,6,No,3,500,Rural,Jalan Town Terengganu,Terengganu,742.44
Elegant Terrace,Terrace,Freehold,4,6,No,4,1032.76,Rural,Jalan Suburb Kelantan,Kelantan,2356.47
Quaint Terrace,Terrace,Freehold,3,3,No,4,2165.91,Rural,Jalan Town Sabah,Sabah,4290.43
Elegant Bungalow,Bungalow,Freehold,4,6,Full,4,868.8,Town,Jalan Town Sabah,Sabah,705.11
Luxurious Terrace,Terrace,Freehold,5,4,Full,5,861.91,Rural,Jalan Town Terengganu,Terengganu,4373.96
Spacious Apartment,Apartment,Freehold,6,4,No,1,2344.84,Suburb,Jalan Rural Kedah,Kedah,2188.28
Quaint Condominium,Condominium,Freehold,1,2,No,2,500,Town,Jalan Suburb Melaka,Melaka,58.7
Cozy Condominium,Condominium,Freehold,2,4,Full,0,1649.56,Town,Jalan Rural Johor,Johor,4883.18
Cozy Bungalow,Bungalow,Leasehold,4,4,Partial,4,1029.24,Town,Jalan Rural Perak,Perak,498.98
Modern Terrace,Terrace,Leasehold,1,3,No,5,2014.74,Suburb,Jalan Suburb Kelantan,Kelantan,3757.91
Charming Bungalow,Bungalow,Freehold,3,3,Full,5,874.96,Rural,Jalan Rural Kedah,Kedah,1698.2
Cozy Terrace,Terrace,Leasehold,3,4,Full,0,2148.38,Suburb,Jalan Rural Kuala Lumpur,Kuala Lumpur,9215.14
Modern Apartment,Apartment,Freehold,3,4,Full,5,1294.69,Suburb,Jalan Rural Terengganu,Terengganu,598.64
Modern Condominium,Condominium,Leasehold,4,6,Full,2,3159.94,Rural,Jalan Rural Pahang,Pahang,2316.2
Modern Bungalow,Bungalow,Leasehold,5,6,No,0,1992.52,Town,Jalan Suburb Kelantan,Kelantan,4320.71
Modern Apartment,Apartment,Leasehold,3,1,Partial,3,2268.7,Suburb,Jalan Town Sarawak,Sarawak,1820.14
Quaint Apartment,Apartment,Freehold,3,3,No,4,1344.56,Suburb,Jalan Suburb Sarawak,Sarawak,2357.9
Elegant Apartment,Apartment,Freehold,2,1,Full,2,919.36,Town,Jalan Suburb Sarawak,Sarawak,4262.4
Quaint Apartment,Apartment,Freehold,1,1,No,1,1042.78,Suburb,Jalan Suburb Perak,Perak,1851.18
Elegant Apartment,Apartment,Freehold,1,1,Full,5,1615.87,Suburb,Jalan Suburb Johor,Johor,8964.28
Charming Condominium,Condominium,Leasehold,5,6,Partial,0,1602.28,Rural,Jalan Rural Melaka,Melaka,4192.73
Charming Condominium,Condominium,Freehold,5,4,No,2,751.75,Suburb,Jalan Suburb Negeri Sembilan,Negeri Sembilan,1109
Spacious Apartment,Apartment,Leasehold,2,1,Partial,0,1214.35,Rural,Jalan Rural Sarawak,Sarawak,1881.6
Cozy Bungalow,Bungalow,Leasehold,6,6,Partial,2,847.95,Town,Jalan Town Penang,Penang,2561.07
Modern Apartment,Apartment,Freehold,3,2,No,1,2231.31,Suburb,Jalan Suburb Kelantan,Kelantan,802.5
Cozy Terrace,Terrace,Freehold,2,1,No,0,1601.09,Town,Jalan Town Selangor,Selangor,2063.5
Luxurious Apartment,Apartment,Leasehold,3,2,No,1,1383.49,Suburb,Jalan Suburb Pahang,Pahang,1756.35
Elegant Bungalow,Bungalow,Leasehold,2,4,No,1,1755.18,Town,Jalan Suburb Pahang,Pahang,1057.12
Modern Terrace,Terrace,Freehold,2,4,Full,0,1150.1,Rural,Jalan Rural Kuala Lumpur,Kuala Lumpur,3876.96
Elegant Bungalow,Bungalow,Freehold,1,3,Full,4,1584.81,Town,Jalan Suburb Pahang,Pahang,1778.08
Charming Apartment,Apartment,Leasehold,4,2,No,2,1333.47,Town,Jalan Suburb Perak,Perak,151.91
Spacious Bungalow,Bungalow,Leasehold,1,2,Partial,3,1303.13,Rural,Jalan Rural Sarawak,Sarawak,2541.89
Spacious Bungalow,Bungalow,Leasehold,1,2,Partial,0,887.86,Suburb,Jalan Rural Kelantan,Kelantan,647.67
Modern Terrace,Terrace,Freehold,1,2,Partial,4,500,Rural,Jalan Suburb Selangor,Selangor,1143.7
Quaint Terrace,Terrace,Leasehold,2,4,Full,5,656.29,Suburb,Jalan Town Kelantan,Kelantan,1310.87
Spacious Condominium,Condominium,Freehold,2,4,Partial,3,969.4,Town,Jalan Town Kedah,Kedah,2226.09
Quaint Bungalow,Bungalow,Leasehold,6,4,Partial,1,1189.32,Suburb,Jalan Rural Pahang,Pahang,5257.92
Quaint Terrace,Terrace,Freehold,2,4,No,4,2346.87,Town,Jalan Suburb Kuala Lumpur,Kuala Lumpur,1518.16
Spacious Terrace,Terrace,Leasehold,3,5,Full,2,686.96,Rural,Jalan Suburb Kedah,Kedah,744.21
Quaint Condominium,Condominium,Leasehold,1,2,Partial,3,1054.49,Rural,Jalan Rural Terengganu,Terengganu,1859.51
Quaint Terrace,Terrace,Freehold,4,4,Partial,0,744.41,Rural,Jalan Suburb Sabah,Sabah,86.57
Quaint Apartment,Apartment,Freehold,6,6,Partial,5,1221.19,Town,Jalan Rural Perlis,Perlis,2826.18
Cozy Condominium,Condominium,Leasehold,2,3,Full,1,625.78,Rural,Jalan Rural Kuala Lumpur,Kuala Lumpur,917.93
Cozy Condominium,Condominium,Freehold,2,1,Full,1,1675.84,Town,Jalan Suburb Pahang,Pahang,3086.44
Elegant Apartment,Apartment,Leasehold,4,6,Partial,1,2034.09,Rural,Jalan Rural Terengganu,Terengganu,4787.22
Luxurious Apartment,Apartment,Freehold,2,3,Full,3,811.82,Town,Jalan Town Perlis,Perlis,85.16
Quaint Terrace,Terrace,Leasehold,4,3,Partial,1,1201.11,Town,Jalan Rural Negeri Sembilan,Negeri Sembilan,334.55
Spacious Bungalow,Bungalow,Freehold,6,6,No,5,1993.01,Town,Jalan Town Terengganu,Terengganu,9110.84
Luxurious Apartment,Apartment,Leasehold,2,1,Partial,2,1722.74,Rural,Jalan Suburb Kedah,Kedah,500.76
Spacious Apartment,Apartment,Leasehold,5,3,Partial,2,2041.39,Suburb,Jalan Town Terengganu,Terengganu,1458.64
Quaint Bungalow,Bungalow,Leasehold,1,1,Partial,2,829.45,Suburb,Jalan Suburb Selangor,Selangor,2268.29
Quaint Condominium,Condominium,Freehold,2,1,Full,0,980.58,Suburb,Jalan Town Melaka,Melaka,293.13
Elegant Bungalow,Bungalow,Freehold,3,1,Partial,1,500,Town,Jalan Rural Pahang,Pahang,1332.23
Cozy Terrace,Terrace,Leasehold,3,1,No,3,2234.02,Rural,Jalan Rural Perlis,Perlis,2934.97
Charming Terrace,Terrace,Leasehold,3,4,Full,0,518.85,Rural,Jalan Town Kelantan,Kelantan,925.87
Luxurious Bungalow,Bungalow,Freehold,6,6,Partial,0,1793.04,Town,Jalan Rural Kuala Lumpur,Kuala Lumpur,2869.71
Spacious Apartment,Apartment,Leasehold,1,1,Partial,0,692.26,Town,Jalan Rural Selangor,Selangor,1421.73
Spacious Condominium,Condominium,Leasehold,3,1,No,3,1483.19,Suburb,Jalan Suburb Perak,Perak,3296.72
Luxurious Bungalow,Bungalow,Freehold,3,3,No,3,1169.15,Rural,Jalan Rural Kuala Lumpur,Kuala Lumpur,698.38
Quaint Apartment,Apartment,Freehold,5,6,Full,1,2083.25,Rural,Jalan Town Sabah,Sabah,3406.64
Luxurious Terrace,Terrace,Leasehold,2,3,No,3,1794.05,Suburb,Jalan Suburb Kedah,Kedah,3949.45
Spacious Condominium,Condominium,Leasehold,1,1,Partial,5,1019.85,Town,Jalan Rural Kuala Lumpur,Kuala Lumpur,4545.3
Charming Bungalow,Bungalow,Freehold,2,1,No,0,823.49,Town,Jalan Suburb Negeri Sembilan,Negeri Sembilan,1434.23
Modern Terrace,Terrace,Freehold,3,4,Full,0,1560.45,Suburb,Jalan Suburb Selangor,Selangor,1709.04
Quaint Terrace,Terrace,Leasehold,5,4,Full,3,1006.12,Town,Jalan Suburb Perlis,Perlis,3090.52
Luxurious Terrace,Terrace,Freehold,2,2,Full,2,500,Rural,Jalan Town Kelantan,Kelantan,1103.86
Luxurious Condominium,Condominium,Leasehold,5,3,Full,5,812.61,Town,Jalan Suburb Perlis,Perlis,3438.14
Elegant Apartment,Apartment,Leasehold,6,6,Full,4,500,Suburb,Jalan Suburb Kedah,Kedah,1128.27
Charming Condominium,Condominium,Freehold,5,6,Full,5,1300.9,Suburb,Jalan Suburb Kedah,Kedah,15052.76
Spacious Apartment,Apartment,Freehold,3,4,Full,0,1297.13,Rural,Jalan Rural Sarawak,Sarawak,972.54
Quaint Terrace,Terrace,Leasehold,2,2,Partial,4,1222.01,Rural,Jalan Suburb Penang,Penang,3216.43
Spacious Terrace,Terrace,Freehold,2,3,No,4,2088.75,Suburb,Jalan Suburb Sarawak,Sarawak,6771.1
Modern Apartment,Apartment,Leasehold,4,4,Partial,5,500,Suburb,Jalan Town Pahang,Pahang,292.4
Luxurious Terrace,Terrace,Freehold,5,6,Full,0,1371.45,Town,Jalan Town Perak,Perak,6179.53
Cozy Condominium,Condominium,Leasehold,3,2,Full,1,592.34,Suburb,Jalan Town Perak,Perak,1370.05
Luxurious Condominium,Condominium,Leasehold,3,3,Full,0,1278.98,Suburb,Jalan Rural Sabah,Sabah,1009.89
Modern Apartment,Apartment,Leasehold,2,2,Full,4,975.1,Town,Jalan Town Selangor,Selangor,2028.12
Modern Terrace,Terrace,Leasehold,4,5,No,4,1104.81,Rural,Jalan Town Kelantan,Kelantan,1168.16
Elegant Terrace,Terrace,Freehold,1,1,No,1,1200.06,Town,Jalan Rural Kelantan,Kelantan,1125.76
Charming Apartment,Apartment,Leasehold,4,5,No,4,1309.83,Suburb,Jalan Town Kelantan,Kelantan,4532.72
Cozy Terrace,Terrace,Leasehold,4,5,Partial,3,1490.95,Rural,Jalan Town Melaka,Melaka,2122.73
Luxurious Apartment,Apartment,Freehold,2,3,Partial,2,500,Suburb,Jalan Suburb Negeri Sembilan,Negeri Sembilan,310.38
Charming Apartment,Apartment,Freehold,4,5,Full,1,1608.71,Town,Jalan Suburb Terengganu,Terengganu,1004.6
Luxurious Terrace,Terrace,Freehold,2,4,Partial,3,2216.7,Town,Jalan Town Sabah,Sabah,4949.93
Modern Terrace,Terrace,Leasehold,1,1,Full,0,500,Town,Jalan Suburb Perak,Perak,616.64
Charming Bungalow,Bungalow,Leasehold,1,1,Full,1,2666.73,Rural,Jalan Town Penang,Penang,2403.06
Cozy Condominium,Condominium,Leasehold,3,3,Full,5,500,Rural,Jalan Suburb Kuala Lumpur,Kuala Lumpur,2327.89
Cozy Apartment,Apartment,Leasehold,6,6,Full,2,973.11,Rural,Jalan Town Perak,Perak,3647.98
Elegant Terrace,Terrace,Leasehold,5,4,Full,5,2616.94,Suburb,Jalan Town Perlis,Perlis,15023.54
Charming Terrace,Terrace,Leasehold,1,1,No,5,1395.44,Rural,Jalan Rural Kedah,Kedah,676.67
Charming Bungalow,Bungalow,Freehold,2,4,Full,1,1224.98,Rural,Jalan Rural Pahang,Pahang,1562.88
Spacious Condominium,Condominium,Leasehold,4,4,Full,3,767.96,Suburb,Jalan Town Kedah,Kedah,559.96
Charming Terrace,Terrace,Leasehold,2,3,No,3,2697.7,Rural,Jalan Rural Terengganu,Terengganu,4656.25
Spacious Apartment,Apartment,Leasehold,2,1,Partial,4,886.45,Town,Jalan Suburb Sarawak,Sarawak,141.2
Quaint Bungalow,Bungalow,Freehold,4,6,Full,0,500,Suburb,Jalan Rural Kedah,Kedah,467.88
Cozy Condominium,Condominium,Leasehold,6,6,Partial,0,500,Rural,Jalan Suburb Pahang,Pahang,1419.28
Spacious Condominium,Condominium,Leasehold,5,4,Full,3,500,Rural,Jalan Rural Melaka,Melaka,1433.03
Charming Condominium,Condominium,Leasehold,3,2,No,0,1204.52,Rural,Jalan Town Sabah,Sabah,1393.97
Cozy Apartment,Apartment,Leasehold,2,3,No,3,1645.95,Rural,Jalan Town Kuala Lumpur,Kuala Lumpur,1474.15
Elegant Terrace,Terrace,Leasehold,4,5,No,3,798.84,Rural,Jalan Rural Sarawak,Sarawak,1874.78
Spacious Apartment,Apartment,Leasehold,6,6,Full,5,1283.46,Town,Jalan Rural Pahang,Pahang,2784.76
Charming Terrace,Terrace,Freehold,6,4,Partial,4,2210.59,Rural,Jalan Town Terengganu,Terengganu,10063.88
Cozy Apartment,Apartment,Leasehold,2,1,Full,4,500,Rural,Jalan Suburb Kedah,Kedah,14.9
Charming Condominium,Condominium,Leasehold,3,2,No,0,511.21,Town,Jalan Suburb Melaka,Melaka,513.86
Charming Terrace,Terrace,Freehold,4,3,No,4,1135.28,Town,Jalan Suburb Terengganu,Terengganu,3076.42
Spacious Condominium,Condominium,Leasehold,1,1,Partial,0,772.89,Town,Jalan Suburb Pahang,Pahang,1162.18
Modern Apartment,Apartment,Leasehold,3,5,Partial,1,2083.16,Town,Jalan Town Kelantan,Kelantan,2877.52
Quaint Condominium,Condominium,Leasehold,3,4,No,2,1696.08,Suburb,Jalan Rural Pahang,Pahang,3313.05
Modern Bungalow,Bungalow,Freehold,5,6,No,0,500,Suburb,Jalan Rural Negeri Sembilan,Negeri Sembilan,1841.19
Elegant Condominium,Condominium,Freehold,5,3,Partial,2,1929.63,Town,Jalan Suburb Negeri Sembilan,Negeri Sembilan,10632.31
Quaint Terrace,Terrace,Freehold,3,1,No,1,1243.2,Town,Jalan Town Kelantan,Kelantan,450.89
Charming Apartment,Apartment,Leasehold,3,2,Partial,5,1244.61,Town,Jalan Suburb Negeri Sembilan,Negeri Sembilan,1966.8
Charming Condominium,Condominium,Freehold,6,6,Partial,2,1209.19,Suburb,Jalan Town Kelantan,Kelantan,8149.45
Spacious Terrace,Terrace,Freehold,5,6,No,5,2191.26,Town,Jalan Suburb Melaka,Melaka,9017.51
Cozy Terrace,Terrace,Freehold,3,5,Full,3,707.03,Town,Jalan Rural Sabah,Sabah,341.14
Modern Apartment,Apartment,Leasehold,4,5,Partial,1,819.79,Rural,Jalan Town Sabah,Sabah,902.58
Spacious Bungalow,Bungalow,Freehold,5,3,Full,3,1104.26,Rural,Jalan Suburb Pahang,Pahang,2535.97
Spacious Terrace,Terrace,Freehold,2,3,Partial,1,1447.16,Rural,Jalan Rural Negeri Sembilan,Negeri Sembilan,3123.21
Luxurious Apartment,Apartment,Freehold,4,5,No,0,650.81,Suburb,Jalan Town Penang,Penang,1756.18
Cozy Condominium,Condominium,Leasehold,4,2,Full,3,762.14,Rural,Jalan Suburb Terengganu,Terengganu,1338.44
Charming Terrace,Terrace,Leasehold,6,6,Full,0,1563.94,Town,Jalan Town Pahang,Pahang,554.6
Quaint Condominium,Condominium,Leasehold,4,3,No,1,500,Rural,Jalan Suburb Negeri Sembilan,Negeri Sembilan,1280.87
Quaint Condominium,Condominium,Freehold,1,1,Full,4,500,Town,Jalan Rural Johor,Johor,177.63
Charming Condominium,Condominium,Leasehold,1,1,No,2,1283.09,Suburb,Jalan Suburb Pahang,Pahang,1285.21
Elegant Apartment,Apartment,Leasehold,5,6,No,2,1668.04,Town,Jalan Rural Sarawak,Sarawak,3271.98
Cozy Apartment,Apartment,Leasehold,2,2,Full,0,813.27,Town,Jalan Rural Perlis,Perlis,1485.45
Elegant Apartment,Apartment,Freehold,1,1,Partial,2,2031.37,Town,Jalan Town Perlis,Perlis,3124.49
Charming Terrace,Terrace,Leasehold,1,1,Partial,3,1333.82,Rural,Jalan Town Negeri Sembilan,Negeri Sembilan,2921.85
Charming Terrace,Terrace,Leasehold,3,3,Full,1,988.95,Suburb,Jalan Town Pahang,Pahang,2755.91
Spacious Terrace,Terrace,Leasehold,5,6,No,4,500,Rural,Jalan Town Perlis,Perlis,238.67
Cozy Bungalow,Bungalow,Leasehold,5,3,Partial,1,1574.89,Town,Jalan Rural Kuala Lumpur,Kuala Lumpur,9008.16
Quaint Apartment,Apartment,Freehold,6,4,Full,1,2094.87,Suburb,Jalan Town Sarawak,Sarawak,7519.26
Cozy Bungalow,Bungalow,Freehold,6,5,Partial,4,500,Suburb,Jalan Town Kedah,Kedah,2904.09
Luxurious Terrace,Terrace,Freehold,2,1,Partial,0,1645.43,Suburb,Jalan Town Penang,Penang,2187.7
Modern Bungalow,Bungalow,Freehold,1,2,Full,0,944.66,Town,Jalan Suburb Pahang,Pahang,2166.68
Elegant Bungalow,Bungalow,Freehold,3,5,Full,1,500,Suburb,Jalan Suburb Sabah,Sabah,3871.12
Elegant Terrace,Terrace,Leasehold,2,3,No,1,1559.84,Town,Jalan Suburb Kedah,Kedah,1600.95
Charming Terrace,Terrace,Freehold,5,6,No,2,1171.67,Rural,Jalan Rural Perlis,Perlis,2226.72
Cozy Bungalow,Bungalow,Leasehold,6,5,No,3,1323.74,Rural,Jalan Town Terengganu,Terengganu,4533.46
Luxurious Condominium,Condominium,Freehold,6,4,No,5,2490.07,Town,Jalan Suburb Pahang,Pahang,5180.57
Spacious Bungalow,Bungalow,Freehold,3,2,No,5,2150.77,Rural,Jalan Town Johor,Johor,11431.84
Spacious Bungalow,Bungalow,Freehold,6,6,Full,1,1713.44,Rural,Jalan Rural Kuala Lumpur,Kuala Lumpur,6039.95
Quaint Bungalow,Bungalow,Leasehold,3,2,Partial,3,1547.99,Town,Jalan Town Negeri Sembilan,Negeri Sembilan,6963.67
Cozy Terrace,Terrace,Leasehold,3,5,Partial,2,2588.86,Rural,Jalan Town Selangor,Selangor,6651.29
Modern Apartment,Apartment,Freehold,2,2,No,3,500,Rural,Jalan Town Johor,Johor,45.01
Modern Terrace,Terrace,Leasehold,6,5,Full,5,500,Rural,Jalan Rural Johor,Johor,3531.33
Quaint Bungalow,Bungalow,Freehold,2,3,Full,2,1343.97,Rural,Jalan Town Perlis,Perlis,2301.32
Charming Condominium,Condominium,Leasehold,1,1,Partial,0,1874.48,Town,Jalan Suburb Kuala Lumpur,Kuala Lumpur,1300.16
Quaint Condominium,Condominium,Freehold,1,1,Full,1,590.28,Town,Jalan Suburb Kuala Lumpur,Kuala Lumpur,467.33
Elegant Bungalow,Bungalow,Leasehold,5,5,No,1,1014.35,Suburb,Jalan Suburb Kedah,Kedah,3269.43
Elegant Terrace,Terrace,Freehold,4,4,Full,5,500,Suburb,Jalan Rural Negeri Sembilan,Negeri Sembilan,1859.88
Modern Condominium,Condominium,Leasehold,2,1,Full,2,1794.48,Town,Jalan Suburb Kelantan,Kelantan,4337.93
Cozy Condominium,Condominium,Freehold,5,4,No,0,1890.7,Town,Jalan Rural Melaka,Melaka,2145.39
Charming Condominium,Condominium,Leasehold,5,4,Partial,5,1773.69,Suburb,Jalan Town Selangor,Selangor,14455.45
Charming Condominium,Condominium,Leasehold,5,5,Full,5,1948.69,Suburb,Jalan Rural Selangor,Selangor,7816.56
Modern Terrace,Terrace,Leasehold,1,1,Partial,3,977.24,Town,Jalan Suburb Terengganu,Terengganu,1403.84
Luxurious Condominium,Condominium,Freehold,3,5,Full,4,1998.43,Rural,Jalan Town Melaka,Melaka,2333.92
Modern Terrace,Terrace,Leasehold,5,5,Full,1,3115.43,Town,Jalan Rural Penang,Penang,2056.61
Modern Bungalow,Bungalow,Leasehold,1,2,No,0,500,Town,Jalan Rural Kelantan,Kelantan,464.11
Elegant Bungalow,Bungalow,Leasehold,5,3,Full,4,500,Suburb,Jalan Suburb Negeri Sembilan,Negeri Sembilan,892.59
Charming Terrace,Terrace,Freehold,4,2,Full,4,746.03,Town,Jalan Suburb Johor,Johor,6297.55
Quaint Bungalow,Bungalow,Leasehold,6,6,Partial,3,2511.46,Rural,Jalan Suburb Perak,Perak,1888.95
Charming Condominium,Condominium,Freehold,2,1,Full,3,946.71,Town,Jalan Suburb Kelantan,Kelantan,2736.87
Cozy Terrace,Terrace,Freehold,5,4,Full,2,1561.88,Suburb,Jalan Town Kelantan,Kelantan,10213.24
Charming Terrace,Terrace,Leasehold,2,2,Partial,0,1613.03,Town,Jalan Rural Kedah,Kedah,2699.79
Cozy Bungalow,Bungalow,Freehold,2,2,Partial,1,1457.42,Rural,Jalan Suburb Perlis,Perlis,2230.63
Charming Condominium,Condominium,Freehold,6,6,Full,5,1823.86,Rural,Jalan Town Perlis,Perlis,1467.99
Elegant Condominium,Condominium,Leasehold,6,6,Partial,5,2511.56,Rural,Jalan Rural Johor,Johor,5806.54
Modern Condominium,Condominium,Leasehold,2,3,Partial,2,865.33,Suburb,Jalan Rural Selangor,Selangor,3169.43
Luxurious Bungalow,Bungalow,Leasehold,1,1,Partial,2,1851.31,Suburb,Jalan Town Johor,Johor,2673.36
Elegant Apartment,Apartment,Freehold,6,6,Partial,4,769.82,Town,Jalan Rural Selangor,Selangor,6739.83
Charming Bungalow,Bungalow,Leasehold,3,2,Full,5,1877.55,Rural,Jalan Rural Terengganu,Terengganu,7122.11
Cozy Bungalow,Bungalow,Freehold,3,3,Partial,0,1439.83,Suburb,Jalan Town Negeri Sembilan,Negeri Sembilan,7933.73
Charming Bungalow,Bungalow,Freehold,1,2,Partial,0,500,Town,Jalan Town Sarawak,Sarawak,1130.58
Luxurious Terrace,Terrace,Leasehold,5,6,Partial,0,1206.39,Town,Jalan Suburb Sarawak,Sarawak,1552.86
Modern Bungalow,Bungalow,Leasehold,1,1,Partial,3,1593.08,Rural,Jalan Town Negeri Sembilan,Negeri Sembilan,379.19
Spacious Bungalow,Bungalow,Leasehold,4,5,Partial,4,2186.16,Rural,Jalan Rural Johor,Johor,8331.74
Charming Terrace,Terrace,Freehold,2,1,Full,0,1491.19,Town,Jalan Rural Johor,Johor,3089.55
Modern Terrace,Terrace,Freehold,6,4,No,0,1607.35,Rural,Jalan Rural Perlis,Perlis,905.32
