PropertyName,ResidenceType,TenureType,NumberOfBedrooms,NumberOfBathrooms,Furnishing,ExtraFacilities,Size,LocationCategory,Address,State,Price,Image,Image2,Image3
Serenity Heights,Condominium,Leasehold,2,2,No,2,1100,Town,"23 Jalan Bahagia, Kuala Lumpur",Kuala Lumpur,2500,PropertyImage/pexels-binyamin-mellish-106399.jpg,PropertyImage/pexels-jean-van-der-meulen-1457841.jpg,PropertyImage/pexels-jean-van-der-meulen-1457847.jpg
Grand View Residences,Apartment,Freehold,3,2,Partial,3,1450,Town,"8 Lorong Cemerlang, Penang",Penang,3000,PropertyImage/pexels-kozymeii-kong-950745.jpg,PropertyImage/pexels-mark-2724749.jpg,PropertyImage/pexels-monica-silvestre-1034584.jpg
Emerald Towers,Condominium,Leasehold,2,2,No,4,1502,Town,"15 Jalan Mawar, Johor",Johor,2800,PropertyImage/pexels-expect-best-323780.jpg,PropertyImage/pexels-ilya-shakir-2440471.jpg,PropertyImage/pexels-jean-van-der-meulen-1454805.jpg
Paradise Cove Condominiums,Condominium,Leasehold,3,2,No,2,1493,Town,"42 Persiaran Damai, Perak",Perak,3500,PropertyImage/pexels-expect-best-323776.jpg,PropertyImage/pexels-pixabay-265004.jpg,PropertyImage/pexels-pixabay-275484.jpg
Harmony Gardens,Bungalow,Freehold,4,4,Full,3,1456,Suburb,"5 Jalan Seri Jaya, Kuala Lumpur",Kuala Lumpur,9670,PropertyImage/pexels-binyamin-mellish-1396122.jpg,PropertyImage/pexels-pixabay-276554.jpg,PropertyImage/pexels-pixabay-533157.jpg
Sapphire Springs,Apartment,Leasehold,2,2,Full,2,1420,Suburb,"31 Lorong Gemilang, Sarawak",Sarawak,2700,PropertyImage/pexels-pixabay-210617.jpg,PropertyImage/pexels-ilya-shakir-2440471.jpg,PropertyImage/pexels-jean-van-der-meulen-1454805.jpg
Sunset Plaza,Apartment,Freehold,1,1,Partial,1,1200,Suburb,"1 Jalan Harmoni, Melaka",Melaka,2400,PropertyImage/pexels-pixabay-415687.jpg,PropertyImage/pexels-vecislavas-popa-1668860.jpg,PropertyImage/pexels-vecislavas-popa-813692.jpg
Tranquil Haven Apartments,Apartment,Leasehold,2,2,Full,4,1109,Town,"19 Persiaran Sejahtera, Melaka",Melaka,2300,PropertyImage/pexels-expect-best-323780.jpg,PropertyImage/pexels-vecislavas-popa-1668860.jpg,PropertyImage/pexels-jean-van-der-meulen-1454805.jpg
Ocean Breeze Condos,Condominium,Freehold,1,1,No,1,1768,Town,"28 Jalan Ceria, Perlis",Perlis,3200,PropertyImage/pexels-expect-best-323776.jpg,PropertyImage/pexels-pixabay-534172.jpg,PropertyImage/pexels-terry-magallanes-2635038.jpg
Maple Ridge Towers,Condominium,Leasehold,2,2,Partial,0,1786,Town,"14 Jalan Permai, Perlis",Perlis,3300,PropertyImage/pexels-pixasquare-com-1115804.jpg,PropertyImage/pexels-tirachard-kumtanom-347141.jpg,PropertyImage/pexels-vecislavas-popa-1668860.jpg
Royal Palms Residences,Terrace,Leasehold,2,2,Full,3,1576,Suburb,"7 Lorong Damai, Selangor",Selangor,8700,PropertyImage/pexels-todd-trapani-1436190.jpg,PropertyImage/pexels-terry-magallanes-2635038.jpg,PropertyImage/pexels-jean-van-der-meulen-1454805.jpg
Golden Sands Suites,Apartment,Leasehold,3,3,Partial,1,1367,Town,"25 Persiaran Cinta, Selangor",Selangor,2900,PropertyImage/pexels-expect-best-323780.jpg,PropertyImage/pexels-ilya-shakir-2440471.jpg,PropertyImage/pexels-vecislavas-popa-813692.jpg
Crystal Bay Condominiums,Condominium,Freehold,2,2,Full,2,1978,Suburb,"6 Jalan Bahagia, Kelantan",Kelantan,2750,PropertyImage/pexels-pixasquare-com-1115804.jpg,PropertyImage/pexels-vecislavas-popa-1571469.jpg,PropertyImage/pexels-vecislavas-popa-1668860.jpg
Azure Heights,Apartment,Freehold,3,2,Partial,3,1345,Town,"9 Lorong Murni, Kelantan",Kelantan,2350,PropertyImage/pexels-expect-best-323781.jpg,PropertyImage/pexels-ilya-shakir-2440471.jpg,PropertyImage/pexels-vecislavas-popa-1743227.jpg
Majestic Court,Terrace,Freehold,4,3,Full,4,1305,Rural,"17 Persiaran Delima, Selangor",Selangor,3100,PropertyImage/pexels-expect-best-323781.jpg,PropertyImage/pexels-terry-magallanes-2635038.jpg,PropertyImage/pexels-jean-van-der-meulen-1454805.jpg
Willow Creek Apartments,Apartment,Leasehold,3,2,Partial,5,2678,Town,"3 Jalan Seri Bahagia, Selangor",Selangor,2100,PropertyImage/pexels-todd-trapani-1436190.jpg,PropertyImage/pexels-tirachard-kumtanom-347141.jpg,PropertyImage/pexels-vecislavas-popa-1571463.jpg
Pearl Harbor Towers,Apartment,Freehold,3,2,Full,1,1980,Town,"12 Jalan Damai, Sarawak",Sarawak,2950,PropertyImage/pexels-binyamin-mellish-1396122.jpg,PropertyImage/pexels-vecislavas-popa-1668860.jpg,PropertyImage/pexels-jean-van-der-meulen-1454805.jpg
Evergreen Estates,Bungalow,Leasehold,5,4,Partial,3,1890,Rural,"22 Persiaran Bunga, Perak",Perak,12500,PropertyImage/pexels-expect-best-323780.jpg,PropertyImage/pexels-ilya-shakir-2440471.jpg,PropertyImage/pexels-vecislavas-popa-1571463.jpg
Horizon Point Condos,Condominium,Freehold,2,1,No,2,1675,Suburb,"6 Lorong Harmoni, Sarawak",Sarawak,3150,PropertyImage/pexels-binyamin-mellish-1396122.jpg,PropertyImage/pexels-vecislavas-popa-1571469.jpg,PropertyImage/pexels-vecislavas-popa-1743227.jpg
